{
  "charset": [
    "1",
    "2",
    "3",
    "4",
    "6",
    "7",
    "8",
    "9",
    "C",
    "F",
    "K",
    "P",
    "S",
    "T",
    "a",
    "d",
    "f",
    "g",
    "j",
    "k",
    "l",
    "m",
    "n",
    "o",
    "p",
    "q",
    "r",
    "s",
    "t",
    "x",
    "y"
  ],
  "characters": {
    "1": {
      "start": 4,
      "middle": 1930,
      "end": 5,
      "only": 2,
      "total": 1941,
      "ratios": {
        "start": 0.0020607934054611026,
        "middle": 0.994332818134982,
        "end": 0.002575991756826378,
        "only": 0.0010303967027305513
      }
    },
    "2": {
      "start": 4,
      "middle": 2512,
      "end": 2,
      "only": 0,
      "total": 2518,
      "ratios": {
        "start": 0.0015885623510722795,
        "middle": 0.9976171564733916,
        "end": 0.0007942811755361397,
        "only": 0.0
      }
    },
    "3": {
      "start": 0,
      "middle": 124,
      "end": 2,
      "only": 0,
      "total": 126,
      "ratios": {
        "start": 0.0,
        "middle": 0.9841269841269841,
        "end": 0.015873015873015872,
        "only": 0.0
      }
    },
    "4": {
      "start": 0,
      "middle": 1,
      "end": 0,
      "only": 0,
      "total": 1,
      "ratios": {
        "start": 0.0,
        "middle": 1.0,
        "end": 0.0,
        "only": 0.0
      }
    },
    "6": {
      "start": 18,
      "middle": 6992,
      "end": 24,
      "only": 1,
      "total": 7035,
      "ratios": {
        "start": 0.00255863539445629,
        "middle": 0.9938877043354656,
        "end": 0.003411513859275053,
        "only": 0.00014214641080312722
      }
    },
    "7": {
      "start": 17,
      "middle": 3142,
      "end": 22,
      "only": 0,
      "total": 3181,
      "ratios": {
        "start": 0.00534423137378183,
        "middle": 0.9877397044954417,
        "end": 0.0069160641307764855,
        "only": 0.0
      }
    },
    "8": {
      "start": 15,
      "middle": 237,
      "end": 1,
      "only": 1,
      "total": 254,
      "ratios": {
        "start": 0.05905511811023622,
        "middle": 0.9330708661417323,
        "end": 0.003937007874015748,
        "only": 0.003937007874015748
      }
    },
    "9": {
      "start": 0,
      "middle": 2,
      "end": 0,
      "only": 0,
      "total": 2,
      "ratios": {
        "start": 0.0,
        "middle": 1.0,
        "end": 0.0,
        "only": 0.0
      }
    },
    "C": {
      "start": 3390,
      "middle": 2766,
      "end": 5,
      "only": 6,
      "total": 6167,
      "ratios": {
        "start": 0.5497000162153397,
        "middle": 0.44851629641640994,
        "end": 0.0008107669855683476,
        "only": 0.0009729203826820172
      }
    },
    "F": {
      "start": 7,
      "middle": 20,
      "end": 0,
      "only": 0,
      "total": 27,
      "ratios": {
        "start": 0.25925925925925924,
        "middle": 0.7407407407407407,
        "end": 0.0,
        "only": 0.0
      }
    },
    "K": {
      "start": 31,
      "middle": 498,
      "end": 1,
      "only": 0,
      "total": 530,
      "ratios": {
        "start": 0.05849056603773585,
        "middle": 0.939622641509434,
        "end": 0.0018867924528301887,
        "only": 0.0
      }
    },
    "P": {
      "start": 34,
      "middle": 48,
      "end": 0,
      "only": 0,
      "total": 82,
      "ratios": {
        "start": 0.4146341463414634,
        "middle": 0.5853658536585366,
        "end": 0.0,
        "only": 0.0
      }
    },
    "S": {
      "start": 1997,
      "middle": 825,
      "end": 5,
      "only": 7,
      "total": 2834,
      "ratios": {
        "start": 0.7046577275935074,
        "middle": 0.2911079745942131,
        "end": 0.0017642907551164433,
        "only": 0.0024700070571630206
      }
    },
    "T": {
      "start": 59,
      "middle": 260,
      "end": 1,
      "only": 0,
      "total": 320,
      "ratios": {
        "start": 0.184375,
        "middle": 0.8125,
        "end": 0.003125,
        "only": 0.0
      }
    },
    "a": {
      "start": 1480,
      "middle": 7702,
      "end": 27,
      "only": 7,
      "total": 9216,
      "ratios": {
        "start": 0.1605902777777778,
        "middle": 0.8357204861111112,
        "end": 0.0029296875,
        "only": 0.0007595486111111111
      }
    },
    "d": {
      "start": 1532,
      "middle": 6796,
      "end": 360,
      "only": 9,
      "total": 8697,
      "ratios": {
        "start": 0.17615269633206854,
        "middle": 0.7814188800735886,
        "end": 0.041393583994480856,
        "only": 0.0010348395998620215
      }
    },
    "f": {
      "start": 66,
      "middle": 166,
      "end": 11,
      "only": 1,
      "total": 244,
      "ratios": {
        "start": 0.27049180327868855,
        "middle": 0.680327868852459,
        "end": 0.045081967213114756,
        "only": 0.004098360655737705
      }
    },
    "g": {
      "start": 1,
      "middle": 2,
      "end": 42,
      "only": 3,
      "total": 48,
      "ratios": {
        "start": 0.020833333333333332,
        "middle": 0.041666666666666664,
        "end": 0.875,
        "only": 0.0625
      }
    },
    "j": {
      "start": 0,
      "middle": 4,
      "end": 0,
      "only": 0,
      "total": 4,
      "ratios": {
        "start": 0.0,
        "middle": 1.0,
        "end": 0.0,
        "only": 0.0
      }
    },
    "k": {
      "start": 722,
      "middle": 6005,
      "end": 51,
      "only": 3,
      "total": 6781,
      "ratios": {
        "start": 0.10647397139065035,
        "middle": 0.8855626013862262,
        "end": 0.0075210145996165755,
        "only": 0.0004424126235068574
      }
    },
    "l": {
      "start": 1186,
      "middle": 2007,
      "end": 3127,
      "only": 137,
      "total": 6457,
      "ratios": {
        "start": 0.18367663001393836,
        "middle": 0.3108254607402819,
        "end": 0.48428062567755925,
        "only": 0.021217283568220537
      }
    },
    "m": {
      "start": 0,
      "middle": 19,
      "end": 552,
      "only": 4,
      "total": 575,
      "ratios": {
        "start": 0.0,
        "middle": 0.03304347826086956,
        "end": 0.96,
        "only": 0.006956521739130435
      }
    },
    "n": {
      "start": 0,
      "middle": 48,
      "end": 3925,
      "only": 0,
      "total": 3973,
      "ratios": {
        "start": 0.0,
        "middle": 0.012081550465643092,
        "end": 0.9879184495343569,
        "only": 0.0
      }
    },
    "o": {
      "start": 5113,
      "middle": 7955,
      "end": 446,
      "only": 77,
      "total": 13591,
      "ratios": {
        "start": 0.3762048414391877,
        "middle": 0.5853138106099625,
        "end": 0.03281583400779928,
        "only": 0.005665513943050548
      }
    },
    "p": {
      "start": 407,
      "middle": 546,
      "end": 18,
      "only": 2,
      "total": 973,
      "ratios": {
        "start": 0.4182939362795478,
        "middle": 0.5611510791366906,
        "end": 0.018499486125385406,
        "only": 0.0020554984583761563
      }
    },
    "q": {
      "start": 4169,
      "middle": 23,
      "end": 0,
      "only": 0,
      "total": 4192,
      "ratios": {
        "start": 0.9945133587786259,
        "middle": 0.005486641221374045,
        "end": 0.0,
        "only": 0.0
      }
    },
    "r": {
      "start": 308,
      "middle": 694,
      "end": 3152,
      "only": 83,
      "total": 4237,
      "ratios": {
        "start": 0.07269294312013216,
        "middle": 0.16379513806938872,
        "end": 0.7439225867358981,
        "only": 0.01958933207458107
      }
    },
    "s": {
      "start": 547,
      "middle": 130,
      "end": 445,
      "only": 103,
      "total": 1225,
      "ratios": {
        "start": 0.446530612244898,
        "middle": 0.10612244897959183,
        "end": 0.363265306122449,
        "only": 0.08408163265306122
      }
    },
    "t": {
      "start": 597,
      "middle": 2846,
      "end": 26,
      "only": 1,
      "total": 3470,