{
  "name": "biological_lang_b",
  "description": "Biological section, Language B",
  "page_count": 19,
  "transitions": {
    "y|d": 55,
    "r|q": 19,
    "r|d": 7,
    "y|S": 8,
    "y|p": 38,
    "y|s": 64,
    "y|q": 91,
    "l|d": 21,
    "m|s": 19,
    "r|r": 1,
    "n|o": 6,
    "m|o": 5,
    "r|p": 9,
    "m|q": 12,
    "l|s": 27,
    "m|d": 12,
    "l|t": 4,
    "n|q": 14,
    "l|q": 37,
    "y|y": 37,
    "r|y": 5,
    "r|s": 6,
    "a|y": 1,
    "o|s": 4,
    "y|o": 36,
    "o|o": 2,
    "y|t": 31,
    "n|d": 4,
    "l|o": 7,
    "n|p": 5,
    "l|k": 1,
    "s|s": 3,
    "g|q": 2,
    "a|q": 1,
    "l|S": 2,
    "y|P": 1,
    "y|C": 10,
    "o|q": 3,
    "y|l": 11,
    "3|T": 1,
    "n|s": 14,
    "d|q": 3,
    "n|S": 3,
    "d|d": 1,
    "n|y": 4,
    "l|l": 6,
    "l|y": 12,
    "d|t": 2,
    "m|C": 2,
    "m|y": 4,
    "r|o": 4,
    "y|6": 1,
    "l|C": 3,
    "s|l": 1,
    "r|l": 3,
    "r|C": 2,
    "d|l": 1,
    "s|S": 1,
    "l|p": 4,
    "m|p": 1,
    "r|t": 2,
    "n|t": 2,
    "m|S": 2,
    "s|t": 2,
    "s|p": 1,
    "m|t": 1,
    "n|l": 3,
    "r|S": 2,
    "n|k": 1,
    "l|r": 2,
    "y|k": 2,
    "g|C": 1,
    "n|T": 1,
    "d|s": 1,
    "2|t": 1,
    "n|C": 1,
    "g|d": 1,
    "s|q": 3,
    "s|o": 2,
    "o|S": 1
  },
  "probabilities": {
    "y|d": 0.14285714285714285,
    "r|q": 0.31666666666666665,
    "r|d": 0.11666666666666667,
    "y|S": 0.02077922077922078,
    "y|p": 0.0987012987012987,
    "y|s": 0.16623376623376623,
    "y|q": 0.23636363636363636,
    "l|d": 0.16666666666666666,
    "m|s": 0.3275862068965517,
    "r|r": 0.016666666666666666,
    "n|o": 0.10344827586206896,
    "m|o": 0.08620689655172414,
    "r|p": 0.15,
    "m|q": 0.20689655172413793,
    "l|s": 0.21428571428571427,
    "m|d": 0.20689655172413793,
    "l|t": 0.031746031746031744,
    "n|q": 0.2413793103448276,
    "l|q": 0.29365079365079366,
    "y|y": 0.09610389610389611,
    "r|y": 0.08333333333333333,
    "r|s": 0.1,
    "a|y": 0.5,
    "o|s": 0.4,
    "y|o": 0.09350649350649351,
    "o|o": 0.2,
    "y|t": 0.08051948051948052,
    "n|d": 0.06896551724137931,
    "l|o": 0.05555555555555555,
    "n|p": 0.08620689655172414,
    "l|k": 0.007936507936507936,
    "s|s": 0.23076923076923078,
    "g|q": 0.5,
    "a|q": 0.5,
    "l|S": 0.015873015873015872,
    "y|P": 0.0025974025974025974,
    "y|C": 0.025974025974025976,
    "o|q": 0.3,
    "y|l": 0.02857142857142857,
    "3|T": 1.0,
    "n|s": 0.2413793103448276,
    "d|q": 0.375,
    "n|S": 0.05172413793103448,
    "d|d": 0.125,
    "n|y": 0.06896551724137931,
    "l|l": 0.047619047619047616,
    "l|y": 0.09523809523809523,
    "d|t": 0.25,
    "m|C": 0.034482758620689655,
    "m|y": 0.06896551724137931,
    "r|o": 0.06666666666666667,
    "y|6": 0.0025974025974025974,
    "l|C": 0.023809523809523808,
    "s|l": 0.07692307692307693,
    "r|l": 0.05,
    "r|C": 0.03333333333333333,
    "d|l": 0.125,
    "s|S": 0.07692307692307693,
    "l|p": 0.031746031746031744,
    "m|p": 0.017241379310344827,
    "r|t": 0.03333333333333333,
    "n|t": 0.034482758620689655,
    "m|S": 0.034482758620689655,
    "s|t": 0.15384615384615385,
    "s|p": 0.07692307692307693,
    "m|t": 0.017241379310344827,
    "n|l": 0.05172413793103448,
    "r|S": 0.03333333333333333,
    "n|k": 0.017241379310344827,
    "l|r": 0.015873015873015872,
    "y|k": 0.005194805194805195,
    "g|C": 0.25,
    "n|T": 0.017241379310344827,
    "d|s": 0.125,
    "2|t": 1.0,
    "n|C": 0.017241379310344827,
    "g|d": 0.25,
    "s|q": 0.23076923076923078,
    "s|o": 0.15384615384615385,
    "o|S": 0.1
  },
  "line_end_chars": {
    "y": 394,
    "r": 62,
    "l": 133,
    "m": 58,
    "n": 59,
    "a": 2,
    "o": 10,
    "s": 13,
    "g": 4,
    "3": 1,
    "d": 8,
    "2": 1
  },
  "line_start_chars": {
    "k": 6,
    "d": 101,
    "q": 187,
    "S": 19,
    "p": 67,
    "s": 138,
    "r": 3,
    "o": 63,
    "t": 49,
    "y": 64,
    "P": 1,
    "C": 19,
    "l": 25,
    "T": 2,
    "6": 1
  },
  "charset": [
    "2",
    "3",
    "6",
    "C",
    "P",
    "S",
    "T",
    "a",
    "d",
    "g",
    "k",
    "l",
    "m",
    "n",
    "o",
    "p",
    "q",
    "r",
    "s",
    "t",
    "y"
  ],
  "top_transitions": [
    {
      "from": "y",
      "to": "q",
      "count": 91,
      "probability": 0.23636363636363636
    },
    {
      "from": "y",
      "to": "s",
      "count": 64,
      "probability": 0.16623376623376623
    },
    {
      "from": "y",
      "to": "d",
      "count": 55,
      "probability": 0.14285714285714285
    },
    {
      "from": "y",
      "to": "p",
      "count": 38,
      "probability": 0.0987012987012987
    },
    {
      "from": "l",
      "to": "q",
      "count": 37,
      "probability": 0.29365079365079366
    },
    {
      "from": "y",
      "to": "y",
      "count": 37,
      "probability": 0.09610389610389611
    },
    {
      "from": "y",
      "to": "o",
      "count": 36,
      "probability": 0.09350649350649351
    },
    {
      "from": "y",
      "to": "t",
      "count": 31,
      "probability": 0.08051948051948052
    },
    {
      "from": "l",
      "to": "s",
      "count": 27,
      "probability": 0.21428571428571427
    },
    {
      "from": "l",
      "to": "d",
      "count": 21,
      "probability": 0.16666666666666666
    },
    {
      "from": "r",
      "to": "q",
      "count": 19,
      "probability": 0.31666666666666665
    },
    {
      "from": "m",
      "to": "s",
      "count": 19,
      "probability": 0.3275862068965517
    },
    {
      "from": "n",
      "to": "q",
      "count": 14,
      "probability": 0.2413793103448276
    },
    {
      "from": "n",
      "to": "s",
      "count": 14,
      "probability": 0.2413793103448276
    },
    {
      "from": "m",
      "to": "q",
      "count": 12,
      "probability": 0.20689655172413793
    },
    {
      "from": "m",
      "to": "d",
      "count": 12,
      "probability": 0.20689655172413793
    },
    {
      "from": "l",
      "to": "y",
      "count": 12,
      "probability": 0.09523809523809523
    },
    {
      "from": "y",
      "to": "l",
      "count": 11,
      "probability": 0.02857142857142857
    },
    {
      "from": "y",
      "to": "C",
      "count": 10,
      "probability": 0.025974025974025976
    },
    {
      "from": "r",
      "to": "p",
      "count": 9,
      "probability": 0.15
    }
  ],
  "total_transitions": 726,
  "pages": [
    {
      "folio": "f75r",
      "quire": "M",
      "language": "B",
      "hand": "2",
      "illustration": "B"
    },
    {
      "folio": "f75v",
      "quire": "M",
      "language": "B",
      "hand": "2",
      "illustration": "B"
    },
    {
      "folio": "f76v",
      "quire": "M",
      "language": "B",
      "hand": "2",
      "illustration": "B"
    },
    {
      "folio": "f77r",
      "quire": "M",
      "language": "B",
      "hand": "2",
      "illustration": "B"
    },
    {
      "folio": "f77v",
      "quire": "M",
      "language": "B",
      "hand": "2",
      "illustration": "B"
    },
    {
      "folio": "f78r",
      "quire": "M",
      "language": "B",
      "hand": "2",
      "illustration": "B"
    },
    {
      "folio": "f78v",
      "quire": "M",
      "language": "B",
      "hand": "2",
      "illustration": "B"
    },
    {
      "folio": "f79r",
      "quire": "M",
      "language": "B",
      "hand": "2",
      "illustration": "B"
    },
    {
      "folio": "f79v",
      "quire": "M",
      "language": "B",
      "hand": "2",
      "illustration": "B"
    },
    {
      "folio": "f80r",
      "quire": "M",
      "language": "B",
      "hand": "2",
      "illustration": "B"
    },
    {
      "folio": "f80v",
      "quire": "M",
      "language": "B",
      "hand": "2",
      "illustration": "B"
    },
    {
      "folio": "f81r",
      "quire": "M",
      "language": "B",
      "hand": "2",
      "illustration": "B"
    },
    {
      "folio": "f81v",
      "quire": "M",
      "language": "B",
      "hand": "2",