{
  "name": "hand_3",
  "description": "Hand 3",
  "page_count": 33,
  "transitions": {
    "m|d": 57,
    "l|y": 24,
    "s|d": 7,
    "a|q": 1,
    "m|t": 25,
    "m|s": 49,
    "y|t": 53,
    "m|S": 16,
    "y|q": 36,
    "r|S": 4,
    "r|y": 19,
    "y|S": 18,
    "l|d": 20,
    "y|y": 77,
    "y|d": 76,
    "l|t": 14,
    "g|S": 3,
    "r|t": 9,
    "s|o": 5,
    "r|k": 2,
    "m|y": 72,
    "y|o": 58,
    "l|o": 22,
    "y|s": 41,
    "r|o": 20,
    "n|d": 18,
    "m|o": 43,
    "l|f": 2,
    "m|q": 15,
    "y|p": 74,
    "l|q": 8,
    "g|p": 1,
    "s|t": 4,
    "m|r": 4,
    "o|d": 1,
    "r|d": 15,
    "n|q": 13,
    "m|p": 21,
    "n|y": 24,
    "g|k": 1,
    "r|s": 10,
    "n|o": 17,
    "l|r": 1,
    "r|p": 18,
    "n|l": 2,
    "g|o": 5,
    "a|d": 1,
    "r|q": 5,
    "n|s": 16,
    "y|C": 13,
    "n|S": 4,
    "n|p": 39,
    "y|l": 7,
    "r|C": 1,
    "m|a": 3,
    "g|s": 3,
    "o|p": 2,
    "g|l": 1,
    "d|d": 5,
    "n|r": 1,
    "n|t": 17,
    "n|a": 1,
    "o|o": 5,
    "m|C": 8,
    "d|s": 3,
    "n|f": 5,
    "y|k": 5,
    "d|y": 2,
    "l|s": 15,
    "d|o": 3,
    "o|y": 3,
    "l|S": 5,
    "s|p": 5,
    "d|q": 5,
    "t|k": 1,
    "l|l": 4,
    "g|y": 2,
    "r|f": 1,
    "r|l": 1,
    "l|p": 9,
    "n|k": 4,
    "d|l": 2,
    "o|s": 1,
    "m|k": 1,
    "l|k": 3,
    "y|T": 1,
    "l|T": 1,
    "s|s": 4,
    "m|T": 1,
    "1|d": 1,
    "1|s": 1,
    "m|l": 2,
    "g|q": 3,
    "s|q": 4,
    "o|q": 1,
    "l|C": 4,
    "g|d": 2,
    "o|t": 1,
    "p|y": 1,
    "y|6": 1,
    "s|y": 1,
    "y|f": 1,
    "m|f": 1,
    "o|a": 1,
    "d|f": 1,
    "m|7": 1,
    "d|p": 1,
    "n|C": 2,
    "g|C": 1,
    "d|T": 1
  },
  "probabilities": {
    "m|d": 0.1786833855799373,
    "l|y": 0.18181818181818182,
    "s|d": 0.23333333333333334,
    "a|q": 0.5,
    "m|t": 0.07836990595611286,
    "m|s": 0.1536050156739812,
    "y|t": 0.11496746203904555,
    "m|S": 0.050156739811912224,
    "y|q": 0.07809110629067245,
    "r|S": 0.0380952380952381,
    "r|y": 0.18095238095238095,
    "y|S": 0.039045553145336226,
    "l|d": 0.15151515151515152,
    "y|y": 0.16702819956616052,
    "y|d": 0.1648590021691974,
    "l|t": 0.10606060606060606,
    "g|S": 0.13636363636363635,
    "r|t": 0.08571428571428572,
    "s|o": 0.16666666666666666,
    "r|k": 0.01904761904761905,
    "m|y": 0.22570532915360503,
    "y|o": 0.12581344902386118,
    "l|o": 0.16666666666666666,
    "y|s": 0.08893709327548807,
    "r|o": 0.19047619047619047,
    "n|d": 0.11042944785276074,
    "m|o": 0.13479623824451412,
    "l|f": 0.015151515151515152,
    "m|q": 0.047021943573667714,
    "y|p": 0.16052060737527116,
    "l|q": 0.06060606060606061,
    "g|p": 0.045454545454545456,
    "s|t": 0.13333333333333333,
    "m|r": 0.012539184952978056,
    "o|d": 0.06666666666666667,
    "r|d": 0.14285714285714285,
    "n|q": 0.07975460122699386,
    "m|p": 0.06583072100313479,
    "n|y": 0.147239263803681,
    "g|k": 0.045454545454545456,
    "r|s": 0.09523809523809523,
    "n|o": 0.10429447852760736,
    "l|r": 0.007575757575757576,
    "r|p": 0.17142857142857143,
    "n|l": 0.012269938650306749,
    "g|o": 0.22727272727272727,
    "a|d": 0.5,
    "r|q": 0.047619047619047616,
    "n|s": 0.09815950920245399,
    "y|C": 0.028199566160520606,
    "n|S": 0.024539877300613498,
    "n|p": 0.2392638036809816,
    "y|l": 0.015184381778741865,
    "r|C": 0.009523809523809525,
    "m|a": 0.009404388714733543,
    "g|s": 0.13636363636363635,
    "o|p": 0.13333333333333333,
    "g|l": 0.045454545454545456,
    "d|d": 0.21739130434782608,
    "n|r": 0.006134969325153374,
    "n|t": 0.10429447852760736,
    "n|a": 0.006134969325153374,
    "o|o": 0.3333333333333333,
    "m|C": 0.025078369905956112,
    "d|s": 0.13043478260869565,
    "n|f": 0.03067484662576687,
    "y|k": 0.010845986984815618,
    "d|y": 0.08695652173913043,
    "l|s": 0.11363636363636363,
    "d|o": 0.13043478260869565,
    "o|y": 0.2,
    "l|S": 0.03787878787878788,
    "s|p": 0.16666666666666666,
    "d|q": 0.21739130434782608,
    "t|k": 1.0,
    "l|l": 0.030303030303030304,
    "g|y": 0.09090909090909091,
    "r|f": 0.009523809523809525,
    "r|l": 0.009523809523809525,
    "l|p": 0.06818181818181818,
    "n|k": 0.024539877300613498,
    "d|l": 0.08695652173913043,
    "o|s": 0.06666666666666667,
    "m|k": 0.003134796238244514,
    "l|k": 0.022727272727272728,
    "y|T": 0.0021691973969631237,
    "l|T": 0.007575757575757576,
    "s|s": 0.13333333333333333,
    "m|T": 0.003134796238244514,
    "1|d": 0.5,
    "1|s": 0.5,
    "m|l": 0.006269592476489028,
    "g|q": 0.13636363636363635,
    "s|q": 0.13333333333333333,
    "o|q": 0.06666666666666667,
    "l|C": 0.030303030303030304,
    "g|d": 0.09090909090909091,
    "o|t": 0.06666666666666667,
    "p|y": 1.0,
    "y|6": 0.0021691973969631237,
    "s|y": 0.03333333333333333,
    "y|f": 0.0021691973969631237,
    "m|f": 0.003134796238244514,
    "o|a": 0.06666666666666667,
    "d|f": 0.043478260869565216,
    "m|7": 0.003134796238244514,
    "d|p": 0.043478260869565216,
    "n|C": 0.012269938650306749,
    "g|C": 0.045454545454545456,
    "d|T": 0.043478260869565216
  },
  "line_end_chars": {
    "m": 323,
    "l": 133,
    "s": 31,
    "a": 2,
    "y": 485,
    "r": 105,
    "g": 22,
    "n": 164,
    "o": 15,
    "d": 23,
    "t": 1,
    "1": 2,
    "p": 1
  },
  "line_start_chars": {
    "k": 23,
    "d": 203,
    "y": 225,
    "q": 91,
    "t": 128,
    "s": 144,
    "S": 50,
    "o": 178,
    "f": 14,
    "p": 184,
    "P": 1,
    "r": 6,
    "l": 19,
    "C": 29,
    "a": 6,
    "T": 4,
    "6": 1,
    "7": 1
  },
  "charset": [
    "1",
    "6",
    "7",
    "C",
    "S",
    "T",
    "a",
    "d",
    "f",
    "g",
    "k",
    "l",
    "m",
    "n",
    "o",
    "p",
    "q",
    "r",
    "s",
    "t",
    "y"
  ],
  "top_transitions": [
    {
      "from": "y",
      "to": "y",
      "count": 77,
      "probability": 0.16702819956616052
    },
    {
      "from": "y",
      "to": "d",
      "count": 76,
      "probability": 0.1648590021691974
    },
    {
      "from": "y",
      "to": "p",
      "count": 74,
      "probability": 0.16052060737527116
    },
    {
      "from": "m",
      "to": "y",
      "count": 72,
      "probability": 0.22570532915360503
    },
    {
      "from": "y",
      "to": "o",
      "count": 58,
      "probability": 0.12581344902386118
    },
    {
      "from": "m",
      "to": "d",
      "count": 57,
      "probability": 0.1786833855799373
    },
    {
      "from": "y",
      "to": "t",
      "count": 53,
      "probability": 0.11496746203904555
    },
    {
      "from": "m",
      "to": "s",
      "count": 49,
      "probability": 0.1536050156739812
    },
    {
      "from": "m",
      "to": "o",
      "count": 43,
      "probability": 0.13479623824451412
    },
    {
      "from": "y",
      "to": "s",
      "count": 41,
      "probability": 0.08893709327548807
    },
    {
      "from": "n",
      "to": "p",
      "count": 39,
      "probability": 0.2392638036809816
    },
    {
      "from": "y",
      "to": "q",
      "count": 36,
      "probability": 0.07809110629067245
    },
    {
      "from": "m",
      "to": "t",
      "count": 25,
      "probability": 0.07836990595611286
    },
    {
      "from": "l",
      "to": "y",
      "count": 24,
      "probability": 0.18181818181818182
    },
    {
      "from": "n",
      "to": "y",
      "count": 24,
      "probability": 0.147239263803681
    },
    {
      "from": "l",
      "to": "o",
      "count": 22,
      "probability": 0.16666666666666666
    },
    {
      "from": "m",
      "to": "p",
      "count": 21,
      "probability": 0.06583072100313479
    },
    {
      "from": "l",
      "to": "d",
      "count": 20,
      "probability": 0.15151515151515152
    },
    {
      "from": "r",
      "to": "o",
      "count": 20,
      "probability": 0.19047619047619047
    },
    {
      "from": "r",
      "to": "y",
      "count": 19,
      "probability": 0.18095238095238095
    }
  ],