{
  "name": "hand_4",
  "description": "Hand 4",
  "page_count": 40,
  "transitions": {
    "n|d": 9,
    "l|y": 11,
    "m|C": 3,
    "y|s": 14,
    "y|o": 12,
    "y|q": 9,
    "y|C": 3,
    "l|s": 4,
    "r|o": 8,
    "n|s": 2,
    "r|y": 8,
    "m|y": 6,
    "n|o": 6,
    "l|d": 11,
    "l|C": 2,
    "6|s": 1,
    "y|y": 17,
    "g|y": 3,
    "y|d": 12,
    "g|o": 2,
    "n|y": 7,
    "y|t": 8,
    "n|C": 1,
    "g|d": 3,
    "m|t": 4,
    "m|s": 3,
    "m|k": 2,
    "l|t": 3,
    "d|y": 2,
    "m|d": 9,
    "r|C": 1,
    "l|k": 2,
    "y|S": 3,
    "y|r": 1,
    "m|o": 8,
    "r|d": 3,
    "m|S": 4,
    "s|q": 2,
    "r|t": 3,
    "n|S": 2,
    "y|p": 1,
    "y|k": 6,
    "r|s": 3,
    "T|y": 1,
    "s|d": 4,
    "g|S": 2,
    "l|o": 3,
    "n|k": 1,
    "g|s": 1,
    "l|r": 1,
    "s|t": 2,
    "l|p": 1,
    "m|q": 1,
    "l|q": 3,
    "n|t": 3,
    "d|d": 2,
    "d|s": 1,
    "s|S": 1,
    "s|l": 1,
    "r|S": 1,
    "s|y": 3,
    "r|q": 1,
    "a|o": 1,
    "l|l": 1,
    "j|y": 1,
    "s|o": 1,
    "n|T": 1,
    "T|s": 1,
    "d|t": 1,
    "d|C": 1,
    "a|t": 1,
    "S|y": 1,
    "n|q": 2,
    "n|6": 1,
    "l|S": 1,
    "o|d": 1,
    "6|f": 1,
    "o|s": 1,
    "r|P": 1
  },
  "probabilities": {
    "n|d": 0.2571428571428571,
    "l|y": 0.2558139534883721,
    "m|C": 0.075,
    "y|s": 0.16279069767441862,
    "y|o": 0.13953488372093023,
    "y|q": 0.10465116279069768,
    "y|C": 0.03488372093023256,
    "l|s": 0.09302325581395349,
    "r|o": 0.27586206896551724,
    "n|s": 0.05714285714285714,
    "r|y": 0.27586206896551724,
    "m|y": 0.15,
    "n|o": 0.17142857142857143,
    "l|d": 0.2558139534883721,
    "l|C": 0.046511627906976744,
    "6|s": 0.5,
    "y|y": 0.19767441860465115,
    "g|y": 0.2727272727272727,
    "y|d": 0.13953488372093023,
    "g|o": 0.18181818181818182,
    "n|y": 0.2,
    "y|t": 0.09302325581395349,
    "n|C": 0.02857142857142857,
    "g|d": 0.2727272727272727,
    "m|t": 0.1,
    "m|s": 0.075,
    "m|k": 0.05,
    "l|t": 0.06976744186046512,
    "d|y": 0.2857142857142857,
    "m|d": 0.225,
    "r|C": 0.034482758620689655,
    "l|k": 0.046511627906976744,
    "y|S": 0.03488372093023256,
    "y|r": 0.011627906976744186,
    "m|o": 0.2,
    "r|d": 0.10344827586206896,
    "m|S": 0.1,
    "s|q": 0.14285714285714285,
    "r|t": 0.10344827586206896,
    "n|S": 0.05714285714285714,
    "y|p": 0.011627906976744186,
    "y|k": 0.06976744186046512,
    "r|s": 0.10344827586206896,
    "T|y": 0.5,
    "s|d": 0.2857142857142857,
    "g|S": 0.18181818181818182,
    "l|o": 0.06976744186046512,
    "n|k": 0.02857142857142857,
    "g|s": 0.09090909090909091,
    "l|r": 0.023255813953488372,
    "s|t": 0.14285714285714285,
    "l|p": 0.023255813953488372,
    "m|q": 0.025,
    "l|q": 0.06976744186046512,
    "n|t": 0.08571428571428572,
    "d|d": 0.2857142857142857,
    "d|s": 0.14285714285714285,
    "s|S": 0.07142857142857142,
    "s|l": 0.07142857142857142,
    "r|S": 0.034482758620689655,
    "s|y": 0.21428571428571427,
    "r|q": 0.034482758620689655,
    "a|o": 0.5,
    "l|l": 0.023255813953488372,
    "j|y": 1.0,
    "s|o": 0.07142857142857142,
    "n|T": 0.02857142857142857,
    "T|s": 0.5,
    "d|t": 0.14285714285714285,
    "d|C": 0.14285714285714285,
    "a|t": 0.5,
    "S|y": 1.0,
    "n|q": 0.05714285714285714,
    "n|6": 0.02857142857142857,
    "l|S": 0.023255813953488372,
    "o|d": 0.5,
    "6|f": 0.5,
    "o|s": 0.5,
    "r|P": 0.034482758620689655
  },
  "line_end_chars": {
    "n": 35,
    "l": 46,
    "m": 43,
    "y": 96,
    "r": 34,
    "6": 2,
    "g": 11,
    "d": 7,
    "s": 16,
    "T": 2,
    "a": 2,
    "j": 1,
    "S": 1,
    "o": 2
  },
  "line_start_chars": {
    "t": 34,
    "d": 55,
    "y": 60,
    "C": 13,
    "o": 43,
    "s": 32,
    "q": 18,
    "k": 12,
    "S": 15,
    "r": 2,
    "p": 8,
    "l": 2,
    "T": 1,
    "6": 1,
    "f": 1,
    "P": 1
  },
  "charset": [
    "6",
    "C",
    "P",
    "S",
    "T",
    "a",
    "d",
    "f",
    "g",
    "j",
    "k",
    "l",
    "m",
    "n",
    "o",
    "p",
    "q",
    "r",
    "s",
    "t",
    "y"
  ],
  "top_transitions": [
    {
      "from": "y",
      "to": "y",
      "count": 17,
      "probability": 0.19767441860465115
    },
    {
      "from": "y",
      "to": "s",
      "count": 14,
      "probability": 0.16279069767441862
    },
    {
      "from": "y",
      "to": "o",
      "count": 12,
      "probability": 0.13953488372093023
    },
    {
      "from": "y",
      "to": "d",
      "count": 12,
      "probability": 0.13953488372093023
    },
    {
      "from": "l",
      "to": "y",
      "count": 11,
      "probability": 0.2558139534883721
    },
    {
      "from": "l",
      "to": "d",
      "count": 11,
      "probability": 0.2558139534883721
    },
    {
      "from": "n",
      "to": "d",
      "count": 9,
      "probability": 0.2571428571428571
    },
    {
      "from": "y",
      "to": "q",
      "count": 9,
      "probability": 0.10465116279069768
    },
    {
      "from": "m",
      "to": "d",
      "count": 9,
      "probability": 0.225
    },
    {
      "from": "r",
      "to": "o",
      "count": 8,
      "probability": 0.27586206896551724
    },
    {
      "from": "r",
      "to": "y",
      "count": 8,
      "probability": 0.27586206896551724
    },
    {
      "from": "y",
      "to": "t",
      "count": 8,
      "probability": 0.09302325581395349
    },
    {
      "from": "m",
      "to": "o",
      "count": 8,
      "probability": 0.2
    },
    {
      "from": "n",
      "to": "y",
      "count": 7,
      "probability": 0.2
    },
    {
      "from": "m",
      "to": "y",
      "count": 6,
      "probability": 0.15
    },
    {
      "from": "n",
      "to": "o",
      "count": 6,
      "probability": 0.17142857142857143
    },
    {
      "from": "y",
      "to": "k",
      "count": 6,
      "probability": 0.06976744186046512
    },
    {
      "from": "l",
      "to": "s",
      "count": 4,
      "probability": 0.09302325581395349
    },
    {
      "from": "m",
      "to": "t",
      "count": 4,
      "probability": 0.1
    },
    {
      "from": "m",
      "to": "S",
      "count": 4,
      "probability": 0.1
    }
  ],
  "total_transitions": 275,
  "pages": [
    {
      "folio": "f67r1",
      "quire": "I",
      "language": "",
      "hand": "4",
      "illustration": "A"
    },
    {
      "folio": "f67r2",
      "quire": "I",
      "language": "",
      "hand": "4",
      "illustration": "A"
    },
    {
      "folio": "f67v2",
      "quire": "I",
      "language": "",
      "hand": "4",
      "illustration": "C"
    },
    {
      "folio": "f67v1",
      "quire": "I",
      "language": "",
      "hand": "4",
      "illustration": "A"
    },
    {
      "folio": "f68r1",
      "quire": "I",
      "language": "",
      "hand": "4",
      "illustration": "A"
    },
    {
      "folio": "f68r2",
      "quire": "I",
      "language": "",
      "hand": "4",
      "illustration": "A"
    },
    {
      "folio": "f68r3",
      "quire": "I",
      "language": "",
      "hand": "4",
      "illustration": "A"
    },
    {
      "folio": "f68v3",
      "quire": "I",
      "language": "",
      "hand": "4",
      "illustration": "C"
    },
    {
      "folio": "f68v2",
      "quire": "I",
      "language": "",
      "hand": "4",
      "illustration": "A"
    },
    {
      "folio": "f68v1",
      "quire": "I",
      "language": "",
      "hand": "4",
      "illustration": "A"
    },
    {
      "folio": "f69r",
      "quire": "J",
      "language": "",
      "hand": "4",
      "illustration": "C"
    },
    {
      "folio": "f69v",
      "quire": "J",
      "language": "",
      "hand": "4",
      "illustration": "C"
    },
    {
      "folio": "f70r1",
      "quire": "J",
      "language": "",
      "hand": "4",
      "illustration": "C"
    },
    {
      "folio": "f70r2",
      "quire": "J",
      "language": "",
      "hand": "4",
      "illustration": "C"
    },
    {
      "folio": "f70v2",