{
  "name": "hand_5",
  "description": "Hand 5",
  "page_count": 8,
  "transitions": {
    "s|s": 1,
    "d|y": 1,
    "y|S": 4,
    "r|q": 2,
    "y|y": 6,
    "n|d": 1,
    "n|t": 3,
    "d|d": 1,
    "l|q": 1,
    "d|S": 1,
    "y|q": 3,
    "y|o": 3,
    "n|p": 3,
    "m|d": 5,
    "l|d": 4,
    "s|p": 1,
    "r|s": 1,
    "r|t": 2,
    "y|t": 7,
    "y|s": 3,
    "r|y": 2,
    "m|t": 5,
    "y|d": 7,
    "n|S": 2,
    "r|l": 1,
    "l|S": 1,
    "l|t": 2,
    "m|q": 1,
    "y|p": 1,
    "g|y": 1,
    "r|d": 3,
    "o|s": 1,
    "f|p": 1,
    "m|y": 2,
    "m|o": 2,
    "n|o": 2,
    "n|y": 2,
    "y|a": 2,
    "d|t": 1,
    "s|y": 1,
    "m|p": 1,
    "n|s": 1,
    "s|t": 1,
    "d|o": 1,
    "l|l": 1
  },
  "probabilities": {
    "s|s": 0.25,
    "d|y": 0.2,
    "y|S": 0.1111111111111111,
    "r|q": 0.18181818181818182,
    "y|y": 0.16666666666666666,
    "n|d": 0.07142857142857142,
    "n|t": 0.21428571428571427,
    "d|d": 0.2,
    "l|q": 0.1111111111111111,
    "d|S": 0.2,
    "y|q": 0.08333333333333333,
    "y|o": 0.08333333333333333,
    "n|p": 0.21428571428571427,
    "m|d": 0.3125,
    "l|d": 0.4444444444444444,
    "s|p": 0.25,
    "r|s": 0.09090909090909091,
    "r|t": 0.18181818181818182,
    "y|t": 0.19444444444444445,
    "y|s": 0.08333333333333333,
    "r|y": 0.18181818181818182,
    "m|t": 0.3125,
    "y|d": 0.19444444444444445,
    "n|S": 0.14285714285714285,
    "r|l": 0.09090909090909091,
    "l|S": 0.1111111111111111,
    "l|t": 0.2222222222222222,
    "m|q": 0.0625,
    "y|p": 0.027777777777777776,
    "g|y": 1.0,
    "r|d": 0.2727272727272727,
    "o|s": 1.0,
    "f|p": 1.0,
    "m|y": 0.125,
    "m|o": 0.125,
    "n|o": 0.14285714285714285,
    "n|y": 0.14285714285714285,
    "y|a": 0.05555555555555555,
    "d|t": 0.2,
    "s|y": 0.25,
    "m|p": 0.0625,
    "n|s": 0.07142857142857142,
    "s|t": 0.25,
    "d|o": 0.2,
    "l|l": 0.1111111111111111
  },
  "line_end_chars": {
    "s": 4,
    "d": 5,
    "y": 40,
    "r": 12,
    "n": 16,
    "l": 10,
    "m": 16,
    "g": 1,
    "o": 1,
    "f": 1
  },
  "line_start_chars": {
    "p": 8,
    "s": 7,
    "y": 15,
    "S": 8,
    "q": 7,
    "d": 21,
    "t": 24,
    "o": 9,
    "l": 2,
    "k": 2,
    "a": 2,
    "C": 1
  },
  "charset": [
    "S",
    "a",
    "d",
    "f",
    "g",
    "l",
    "m",
    "n",
    "o",
    "p",
    "q",
    "r",
    "s",
    "t",
    "y"
  ],
  "top_transitions": [
    {
      "from": "y",
      "to": "t",
      "count": 7,
      "probability": 0.19444444444444445
    },
    {
      "from": "y",
      "to": "d",
      "count": 7,
      "probability": 0.19444444444444445
    },
    {
      "from": "y",
      "to": "y",
      "count": 6,
      "probability": 0.16666666666666666
    },
    {
      "from": "m",
      "to": "d",
      "count": 5,
      "probability": 0.3125
    },
    {
      "from": "m",
      "to": "t",
      "count": 5,
      "probability": 0.3125
    },
    {
      "from": "y",
      "to": "S",
      "count": 4,
      "probability": 0.1111111111111111
    },
    {
      "from": "l",
      "to": "d",
      "count": 4,
      "probability": 0.4444444444444444
    },
    {
      "from": "n",
      "to": "t",
      "count": 3,
      "probability": 0.21428571428571427
    },
    {
      "from": "y",
      "to": "q",
      "count": 3,
      "probability": 0.08333333333333333
    },
    {
      "from": "y",
      "to": "o",
      "count": 3,
      "probability": 0.08333333333333333
    },
    {
      "from": "n",
      "to": "p",
      "count": 3,
      "probability": 0.21428571428571427
    },
    {
      "from": "y",
      "to": "s",
      "count": 3,
      "probability": 0.08333333333333333
    },
    {
      "from": "r",
      "to": "d",
      "count": 3,
      "probability": 0.2727272727272727
    },
    {
      "from": "r",
      "to": "q",
      "count": 2,
      "probability": 0.18181818181818182
    },
    {
      "from": "r",
      "to": "t",
      "count": 2,
      "probability": 0.18181818181818182
    },
    {
      "from": "r",
      "to": "y",
      "count": 2,
      "probability": 0.18181818181818182
    },
    {
      "from": "n",
      "to": "S",
      "count": 2,
      "probability": 0.14285714285714285
    },
    {
      "from": "l",
      "to": "t",
      "count": 2,
      "probability": 0.2222222222222222
    },
    {
      "from": "m",
      "to": "y",
      "count": 2,
      "probability": 0.125
    },
    {
      "from": "m",
      "to": "o",
      "count": 2,
      "probability": 0.125
    }
  ],
  "total_transitions": 98,
  "pages": [
    {
      "folio": "f66r",
      "quire": "H",
      "language": "B",
      "hand": "5",
      "illustration": "T"
    },
    {
      "folio": "f66v",
      "quire": "H",
      "language": "B",
      "hand": "5",
      "illustration": "H"
    },
    {
      "folio": "f94r",
      "quire": "Q",
      "language": "B",
      "hand": "5",
      "illustration": "H"
    },
    {
      "folio": "f94v",
      "quire": "Q",
      "language": "B",
      "hand": "5",
      "illustration": "H"
    },
    {
      "folio": "f95r1",
      "quire": "Q",
      "language": "B",
      "hand": "5",
      "illustration": "H"
    },
    {
      "folio": "f95r2",
      "quire": "Q",
      "language": "B",
      "hand": "5",
      "illustration": "H"
    },
    {
      "folio": "f95v2",
      "quire": "Q",
      "language": "B",
      "hand": "5",
      "illustration": "H"
    },
    {
      "folio": "f95v1",
      "quire": "Q",
      "language": "B",
      "hand": "5",
      "illustration": "H"
    }
  ]
}