{
  "name": "hand_2",
  "description": "Hand 2",
  "page_count": 46,
  "transitions": {
    "y|d": 77,
    "s|o": 4,
    "s|q": 6,
    "y|s": 79,
    "y|r": 1,
    "y|p": 48,
    "r|d": 12,
    "y|t": 53,
    "y|S": 14,
    "g|y": 2,
    "n|d": 11,
    "r|t": 6,
    "y|y": 54,
    "o|d": 2,
    "f|q": 1,
    "a|q": 2,
    "l|y": 16,
    "l|t": 7,
    "y|o": 45,
    "y|q": 108,
    "r|o": 8,
    "s|s": 5,
    "m|o": 10,
    "s|y": 4,
    "n|p": 10,
    "m|y": 18,
    "n|s": 18,
    "n|y": 14,
    "m|l": 4,
    "m|t": 13,
    "s|p": 2,
    "l|d": 26,
    "s|k": 1,
    "m|d": 22,
    "n|t": 10,
    "y|l": 14,
    "n|o": 9,
    "g|q": 4,
    "m|C": 3,
    "n|C": 2,
    "m|s": 24,
    "d|q": 4,
    "g|d": 3,
    "n|l": 4,
    "g|t": 4,
    "m|q": 17,
    "f|s": 1,
    "n|q": 16,
    "s|S": 3,
    "l|l": 8,
    "y|k": 3,
    "g|s": 1,
    "n|S": 5,
    "r|C": 6,
    "y|C": 13,
    "r|y": 11,
    "m|k": 1,
    "d|d": 3,
    "6|S": 1,
    "f|y": 1,
    "m|x": 1,
    "l|p": 7,
    "m|a": 2,
    "m|S": 4,
    "d|a": 1,
    "y|a": 1,
    "m|p": 2,
    "g|o": 1,
    "d|y": 1,
    "d|l": 2,
    "d|o": 2,
    "r|l": 4,
    "r|q": 22,
    "r|r": 1,
    "r|p": 9,
    "l|s": 28,
    "l|q": 39,
    "r|s": 6,
    "a|y": 1,
    "o|s": 4,
    "o|o": 2,
    "l|o": 8,
    "l|k": 1,
    "d|S": 1,
    "l|S": 2,
    "y|P": 1,
    "o|q": 3,
    "3|T": 1,
    "d|t": 2,
    "y|6": 1,
    "l|C": 3,
    "s|l": 1,
    "s|t": 2,
    "r|S": 2,
    "n|k": 1,
    "l|r": 2,
    "g|C": 1,
    "n|T": 1,
    "d|s": 1,
    "2|t": 1,
    "o|S": 1
  },
  "probabilities": {
    "y|d": 0.150390625,
    "s|o": 0.14285714285714285,
    "s|q": 0.21428571428571427,
    "y|s": 0.154296875,
    "y|r": 0.001953125,
    "y|p": 0.09375,
    "r|d": 0.13793103448275862,
    "y|t": 0.103515625,
    "y|S": 0.02734375,
    "g|y": 0.125,
    "n|d": 0.10891089108910891,
    "r|t": 0.06896551724137931,
    "y|y": 0.10546875,
    "o|d": 0.16666666666666666,
    "f|q": 0.3333333333333333,
    "a|q": 0.6666666666666666,
    "l|y": 0.10884353741496598,
    "l|t": 0.047619047619047616,
    "y|o": 0.087890625,
    "y|q": 0.2109375,
    "r|o": 0.09195402298850575,
    "s|s": 0.17857142857142858,
    "m|o": 0.08264462809917356,
    "s|y": 0.14285714285714285,
    "n|p": 0.09900990099009901,
    "m|y": 0.1487603305785124,
    "n|s": 0.1782178217821782,
    "n|y": 0.13861386138613863,
    "m|l": 0.03305785123966942,
    "m|t": 0.10743801652892562,
    "s|p": 0.07142857142857142,
    "l|d": 0.17687074829931973,
    "s|k": 0.03571428571428571,
    "m|d": 0.18181818181818182,
    "n|t": 0.09900990099009901,
    "y|l": 0.02734375,
    "n|o": 0.0891089108910891,
    "g|q": 0.25,
    "m|C": 0.024793388429752067,
    "n|C": 0.019801980198019802,
    "m|s": 0.19834710743801653,
    "d|q": 0.23529411764705882,
    "g|d": 0.1875,
    "n|l": 0.039603960396039604,
    "g|t": 0.25,
    "m|q": 0.14049586776859505,
    "f|s": 0.3333333333333333,
    "n|q": 0.15841584158415842,
    "s|S": 0.10714285714285714,
    "l|l": 0.05442176870748299,
    "y|k": 0.005859375,
    "g|s": 0.0625,
    "n|S": 0.04950495049504951,
    "r|C": 0.06896551724137931,
    "y|C": 0.025390625,
    "r|y": 0.12643678160919541,
    "m|k": 0.008264462809917356,
    "d|d": 0.17647058823529413,
    "6|S": 1.0,
    "f|y": 0.3333333333333333,
    "m|x": 0.008264462809917356,
    "l|p": 0.047619047619047616,
    "m|a": 0.01652892561983471,
    "m|S": 0.03305785123966942,
    "d|a": 0.058823529411764705,
    "y|a": 0.001953125,
    "m|p": 0.01652892561983471,
    "g|o": 0.0625,
    "d|y": 0.058823529411764705,
    "d|l": 0.11764705882352941,
    "d|o": 0.11764705882352941,
    "r|l": 0.04597701149425287,
    "r|q": 0.25287356321839083,
    "r|r": 0.011494252873563218,
    "r|p": 0.10344827586206896,
    "l|s": 0.19047619047619047,
    "l|q": 0.2653061224489796,
    "r|s": 0.06896551724137931,
    "a|y": 0.3333333333333333,
    "o|s": 0.3333333333333333,
    "o|o": 0.16666666666666666,
    "l|o": 0.05442176870748299,
    "l|k": 0.006802721088435374,
    "d|S": 0.058823529411764705,
    "l|S": 0.013605442176870748,
    "y|P": 0.001953125,
    "o|q": 0.25,
    "3|T": 1.0,
    "d|t": 0.11764705882352941,
    "y|6": 0.001953125,
    "l|C": 0.02040816326530612,
    "s|l": 0.03571428571428571,
    "s|t": 0.07142857142857142,
    "r|S": 0.022988505747126436,
    "n|k": 0.009900990099009901,
    "l|r": 0.013605442176870748,
    "g|C": 0.0625,
    "n|T": 0.009900990099009901,
    "d|s": 0.058823529411764705,
    "2|t": 1.0,
    "o|S": 0.08333333333333333
  },
  "line_end_chars": {
    "y": 537,
    "s": 28,
    "r": 89,
    "l": 156,
    "g": 16,
    "n": 104,
    "o": 12,
    "f": 3,
    "a": 3,
    "m": 126,
    "d": 18,
    "6": 1,
    "3": 1,
    "2": 1
  },
  "line_start_chars": {
    "p": 105,
    "d": 156,
    "o": 90,
    "q": 224,
    "s": 167,
    "r": 4,
    "t": 107,
    "S": 33,
    "y": 123,
    "k": 12,
    "l": 37,
    "C": 28,
    "x": 1,
    "a": 4,
    "P": 1,
    "T": 2,
    "6": 1
  },
  "charset": [
    "2",
    "3",
    "6",
    "C",
    "P",
    "S",
    "T",
    "a",
    "d",
    "f",
    "g",
    "k",
    "l",
    "m",
    "n",
    "o",
    "p",
    "q",
    "r",
    "s",
    "t",
    "x",
    "y"
  ],
  "top_transitions": [
    {
      "from": "y",
      "to": "q",
      "count": 108,
      "probability": 0.2109375
    },
    {
      "from": "y",
      "to": "s",
      "count": 79,
      "probability": 0.154296875
    },
    {
      "from": "y",
      "to": "d",
      "count": 77,
      "probability": 0.150390625
    },
    {
      "from": "y",
      "to": "y",
      "count": 54,
      "probability": 0.10546875
    },
    {
      "from": "y",
      "to": "t",
      "count": 53,
      "probability": 0.103515625
    },
    {
      "from": "y",
      "to": "p",
      "count": 48,
      "probability": 0.09375
    },
    {
      "from": "y",
      "to": "o",
      "count": 45,
      "probability": 0.087890625
    },
    {
      "from": "l",
      "to": "q",
      "count": 39,
      "probability": 0.2653061224489796
    },
    {
      "from": "l",
      "to": "s",
      "count": 28,
      "probability": 0.19047619047619047
    },
    {
      "from": "l",
      "to": "d",
      "count": 26,
      "probability": 0.17687074829931973
    },
    {
      "from": "m",
      "to": "s",
      "count": 24,
      "probability": 0.19834710743801653
    },
    {
      "from": "m",
      "to": "d",
      "count": 22,
      "probability": 0.18181818181818182
    },
    {
      "from": "r",
      "to": "q",
      "count": 22,
      "probability": 0.25287356321839083
    },
    {
      "from": "m",
      "to": "y",
      "count": 18,
      "probability": 0.1487603305785124
    },
    {
      "from": "n",
      "to": "s",
      "count": 18,
      "probability": 0.1782178217821782
    },
    {
      "from": "m",
      "to": "q",
      "count": 17,
      "probability": 0.14049586776859505
    },
    {
      "from": "l",
      "to": "y",
      "count": 16,
      "probability": 0.10884353741496598
    },
    {
      "from": "n",
      "to": "q",
      "count": 16,
      "probability": 0.15841584158415842
    },
    {
      "from": "y",
      "to": "S",
      "count": 14,
      "probability": 0.02734375
    },
    {
      "from": "n",
      "to": "y",
      "count": 14,
      "probability": 0.13861386138613863
    }
  ],
  "total_transitions": 1050,
  "pages": [
    {
      "folio": "f26r",
      "quire": "D",
      "language": "B",
      "hand": "2",
      "illustration": "H"
    },
    {
      "folio": "f26v",
      "quire": "D",
      "language": "B",
      "hand": "2",
      "illustration": "H"
    },
    {
      "folio": "f31r",
      "quire": "D",
      "language": "B",
      "hand": "2",
      "illustration": "H"
    },
    {
      "folio": "f31v",
      "quire": "D",
      "language": "B",
      "hand": "2",
      "illustration": "H"
    },
    {
      "folio": "f33r",
      "quire": "E",
      "language": "B",
      "hand": "2",