{
  "name": "pharmaceutical",
  "description": "Pharmaceutical section",
  "page_count": 16,
  "transitions": {
    "l|r": 1,
    "m|o": 7,
    "y|q": 11,
    "m|y": 5,
    "m|k": 1,
    "y|d": 19,
    "l|d": 8,
    "s|t": 2,
    "g|y": 1,
    "l|p": 2,
    "l|y": 5,
    "y|k": 8,
    "n|d": 7,
    "m|q": 2,
    "m|C": 3,
    "n|y": 5,
    "l|q": 4,
    "y|y": 16,
    "y|s": 8,
    "y|t": 4,
    "n|t": 4,
    "d|d": 1,
    "r|y": 4,
    "g|o": 1,
    "m|d": 6,
    "2|t": 1,
    "g|t": 1,
    "y|p": 2,
    "r|d": 3,
    "l|t": 3,
    "s|d": 2,
    "m|s": 3,
    "n|o": 8,
    "y|S": 1,
    "r|t": 3,
    "d|t": 2,
    "r|q": 1,
    "g|s": 1,
    "n|s": 2,
    "r|s": 2,
    "d|C": 1,
    "s|q": 1,
    "a|t": 1,
    "r|o": 3,
    "S|y": 1,
    "n|q": 3,
    "m|S": 1,
    "n|6": 1,
    "y|o": 3,
    "l|o": 1,
    "l|S": 1,
    "o|d": 2,
    "6|f": 1,
    "n|S": 1,
    "l|C": 1,
    "o|s": 1,
    "s|y": 1,
    "y|C": 2,
    "l|s": 1,
    "d|y": 1,
    "r|P": 1,
    "m|t": 2,
    "n|p": 1,
    "d|S": 1,
    "d|o": 1,
    "o|y": 1,
    "o|o": 1,
    "r|k": 1,
    "y|f": 1
  },
  "probabilities": {
    "l|r": 0.037037037037037035,
    "m|o": 0.23333333333333334,
    "y|q": 0.14666666666666667,
    "m|y": 0.16666666666666666,
    "m|k": 0.03333333333333333,
    "y|d": 0.25333333333333335,
    "l|d": 0.2962962962962963,
    "s|t": 0.3333333333333333,
    "g|y": 0.25,
    "l|p": 0.07407407407407407,
    "l|y": 0.18518518518518517,
    "y|k": 0.10666666666666667,
    "n|d": 0.21875,
    "m|q": 0.06666666666666667,
    "m|C": 0.1,
    "n|y": 0.15625,
    "l|q": 0.14814814814814814,
    "y|y": 0.21333333333333335,
    "y|s": 0.10666666666666667,
    "y|t": 0.05333333333333334,
    "n|t": 0.125,
    "d|d": 0.14285714285714285,
    "r|y": 0.2222222222222222,
    "g|o": 0.25,
    "m|d": 0.2,
    "2|t": 1.0,
    "g|t": 0.25,
    "y|p": 0.02666666666666667,
    "r|d": 0.16666666666666666,
    "l|t": 0.1111111111111111,
    "s|d": 0.3333333333333333,
    "m|s": 0.1,
    "n|o": 0.25,
    "y|S": 0.013333333333333334,
    "r|t": 0.16666666666666666,
    "d|t": 0.2857142857142857,
    "r|q": 0.05555555555555555,
    "g|s": 0.25,
    "n|s": 0.0625,
    "r|s": 0.1111111111111111,
    "d|C": 0.14285714285714285,
    "s|q": 0.16666666666666666,
    "a|t": 1.0,
    "r|o": 0.16666666666666666,
    "S|y": 1.0,
    "n|q": 0.09375,
    "m|S": 0.03333333333333333,
    "n|6": 0.03125,
    "y|o": 0.04,
    "l|o": 0.037037037037037035,
    "l|S": 0.037037037037037035,
    "o|d": 0.4,
    "6|f": 1.0,
    "n|S": 0.03125,
    "l|C": 0.037037037037037035,
    "o|s": 0.2,
    "s|y": 0.16666666666666666,
    "y|C": 0.02666666666666667,
    "l|s": 0.037037037037037035,
    "d|y": 0.14285714285714285,
    "r|P": 0.05555555555555555,
    "m|t": 0.06666666666666667,
    "n|p": 0.03125,
    "d|S": 0.14285714285714285,
    "d|o": 0.14285714285714285,
    "o|y": 0.2,
    "o|o": 0.2,
    "r|k": 0.05555555555555555,
    "y|f": 0.013333333333333334
  },
  "line_end_chars": {
    "l": 28,
    "m": 32,
    "y": 83,
    "s": 6,
    "g": 4,
    "n": 35,
    "d": 7,
    "r": 20,
    "2": 1,
    "a": 1,
    "S": 1,
    "o": 5,
    "6": 1
  },
  "line_start_chars": {
    "d": 49,
    "r": 1,
    "o": 25,
    "q": 24,
    "y": 40,
    "k": 12,
    "t": 25,
    "p": 11,
    "C": 8,
    "s": 19,
    "S": 5,
    "6": 1,
    "f": 2,
    "P": 1,
    "l": 1
  },
  "charset": [
    "2",
    "6",
    "C",
    "P",
    "S",
    "a",
    "d",
    "f",
    "g",
    "k",
    "l",
    "m",
    "n",
    "o",
    "p",
    "q",
    "r",
    "s",
    "t",
    "y"
  ],
  "top_transitions": [
    {
      "from": "y",
      "to": "d",
      "count": 19,
      "probability": 0.25333333333333335
    },
    {
      "from": "y",
      "to": "y",
      "count": 16,
      "probability": 0.21333333333333335
    },
    {
      "from": "y",
      "to": "q",
      "count": 11,
      "probability": 0.14666666666666667
    },
    {
      "from": "l",
      "to": "d",
      "count": 8,
      "probability": 0.2962962962962963
    },
    {
      "from": "y",
      "to": "k",
      "count": 8,
      "probability": 0.10666666666666667
    },
    {
      "from": "y",
      "to": "s",
      "count": 8,
      "probability": 0.10666666666666667
    },
    {
      "from": "n",
      "to": "o",
      "count": 8,
      "probability": 0.25
    },
    {
      "from": "m",
      "to": "o",
      "count": 7,
      "probability": 0.23333333333333334
    },
    {
      "from": "n",
      "to": "d",
      "count": 7,
      "probability": 0.21875
    },
    {
      "from": "m",
      "to": "d",
      "count": 6,
      "probability": 0.2
    },
    {
      "from": "m",
      "to": "y",
      "count": 5,
      "probability": 0.16666666666666666
    },
    {
      "from": "l",
      "to": "y",
      "count": 5,
      "probability": 0.18518518518518517
    },
    {
      "from": "n",
      "to": "y",
      "count": 5,
      "probability": 0.15625
    },
    {
      "from": "l",
      "to": "q",
      "count": 4,
      "probability": 0.14814814814814814
    },
    {
      "from": "y",
      "to": "t",
      "count": 4,
      "probability": 0.05333333333333334
    },
    {
      "from": "n",
      "to": "t",
      "count": 4,
      "probability": 0.125
    },
    {
      "from": "r",
      "to": "y",
      "count": 4,
      "probability": 0.2222222222222222
    },
    {
      "from": "m",
      "to": "C",
      "count": 3,
      "probability": 0.1
    },
    {
      "from": "r",
      "to": "d",
      "count": 3,
      "probability": 0.16666666666666666
    },
    {
      "from": "l",
      "to": "t",
      "count": 3,
      "probability": 0.1111111111111111
    }
  ],
  "total_transitions": 208,
  "pages": [
    {
      "folio": "f88r",
      "quire": "O",
      "language": "A",
      "hand": "4",
      "illustration": "P"
    },
    {
      "folio": "f88v",
      "quire": "O",
      "language": "A",
      "hand": "4",
      "illustration": "P"
    },
    {
      "folio": "f89r1",
      "quire": "O",
      "language": "A",
      "hand": "1",
      "illustration": "P"
    },
    {
      "folio": "f89r2",
      "quire": "O",
      "language": "A",
      "hand": "1",
      "illustration": "P"
    },
    {
      "folio": "f89v2",
      "quire": "O",
      "language": "A",
      "hand": "1",
      "illustration": "P"
    },
    {
      "folio": "f89v1",
      "quire": "O",
      "language": "A",
      "hand": "1",
      "illustration": "P"
    },
    {
      "folio": "f99r",
      "quire": "S",
      "language": "A",
      "hand": "4",
      "illustration": "P"
    },
    {
      "folio": "f99v",
      "quire": "S",
      "language": "A",
      "hand": "4",
      "illustration": "P"
    },
    {
      "folio": "f100r",
      "quire": "S",
      "language": "A",
      "hand": "4",
      "illustration": "P"
    },
    {
      "folio": "f100v",
      "quire": "S",
      "language": "A",
      "hand": "4",
      "illustration": "P"
    },
    {
      "folio": "f101r",
      "quire": "S",
      "language": "A",
      "hand": "4",
      "illustration": "P"
    },
    {
      "folio": "f101v",
      "quire": "S",
      "language": "A",
      "hand": "4",
      "illustration": "P"
    },
    {
      "folio": "f102r1",
      "quire": "S",
      "language": "A",
      "hand": "1",
      "illustration": "P"
    },
    {
      "folio": "f102r2",
      "quire": "S",
      "language": "A",
      "hand": "1",
      "illustration": "P"
    },
    {
      "folio": "f102v2",
      "quire": "S",
      "language": "A",
      "hand": "1",
      "illustration": "P"
    },
    {
      "folio": "f102v1",
      "quire": "S",
      "language": "A",
      "hand": "1",
      "illustration": "P"
    }
  ]
}