{
  "name": "quire_13",
  "description": "Quire 13",
  "page_count": 20,
  "transitions": {
    "y|d": 59,
    "r|q": 22,
    "r|d": 7,
    "y|S": 10,
    "y|p": 39,
    "y|s": 70,
    "y|q": 99,
    "l|d": 24,
    "m|s": 21,
    "r|r": 1,
    "n|o": 6,
    "m|o": 5,
    "r|p": 9,
    "m|q": 12,
    "l|s": 28,
    "m|d": 12,
    "l|t": 4,
    "n|q": 14,
    "l|q": 39,
    "y|y": 39,
    "r|y": 5,
    "r|s": 6,
    "a|y": 1,
    "o|s": 4,
    "y|o": 37,
    "o|o": 2,
    "y|t": 31,
    "n|d": 5,
    "l|o": 8,
    "n|p": 5,
    "l|k": 1,
    "r|C": 5,
    "o|d": 1,
    "d|S": 1,
    "y|C": 11,
    "l|p": 6,
    "n|s": 15,
    "s|s": 3,
    "g|q": 2,
    "a|q": 1,
    "l|S": 2,
    "y|P": 1,
    "o|q": 3,
    "y|l": 11,
    "3|T": 1,
    "d|q": 3,
    "n|S": 3,
    "d|d": 1,
    "n|y": 4,
    "l|l": 6,
    "l|y": 12,
    "d|t": 2,
    "m|C": 2,
    "m|y": 4,
    "r|o": 4,
    "y|6": 1,
    "l|C": 3,
    "s|l": 1,
    "r|l": 3,
    "d|l": 1,
    "s|S": 1,
    "m|p": 1,
    "r|t": 2,
    "n|t": 2,
    "m|S": 2,
    "s|t": 2,
    "s|p": 1,
    "m|t": 1,
    "n|l": 3,
    "r|S": 2,
    "n|k": 1,
    "l|r": 2,
    "y|k": 2,
    "g|C": 1,
    "n|T": 1,
    "d|s": 1,
    "2|t": 1,
    "n|C": 1,
    "g|d": 1,
    "s|q": 3,
    "s|o": 2,
    "o|S": 1
  },
  "probabilities": {
    "y|d": 0.14390243902439023,
    "r|q": 0.3333333333333333,
    "r|d": 0.10606060606060606,
    "y|S": 0.024390243902439025,
    "y|p": 0.0951219512195122,
    "y|s": 0.17073170731707318,
    "y|q": 0.24146341463414633,
    "l|d": 0.17777777777777778,
    "m|s": 0.35,
    "r|r": 0.015151515151515152,
    "n|o": 0.1,
    "m|o": 0.08333333333333333,
    "r|p": 0.13636363636363635,
    "m|q": 0.2,
    "l|s": 0.2074074074074074,
    "m|d": 0.2,
    "l|t": 0.02962962962962963,
    "n|q": 0.23333333333333334,
    "l|q": 0.28888888888888886,
    "y|y": 0.0951219512195122,
    "r|y": 0.07575757575757576,
    "r|s": 0.09090909090909091,
    "a|y": 0.5,
    "o|s": 0.36363636363636365,
    "y|o": 0.09024390243902439,
    "o|o": 0.18181818181818182,
    "y|t": 0.07560975609756097,
    "n|d": 0.08333333333333333,
    "l|o": 0.05925925925925926,
    "n|p": 0.08333333333333333,
    "l|k": 0.007407407407407408,
    "r|C": 0.07575757575757576,
    "o|d": 0.09090909090909091,
    "d|S": 0.1111111111111111,
    "y|C": 0.026829268292682926,
    "l|p": 0.044444444444444446,
    "n|s": 0.25,
    "s|s": 0.23076923076923078,
    "g|q": 0.5,
    "a|q": 0.5,
    "l|S": 0.014814814814814815,
    "y|P": 0.0024390243902439024,
    "o|q": 0.2727272727272727,
    "y|l": 0.026829268292682926,
    "3|T": 1.0,
    "d|q": 0.3333333333333333,
    "n|S": 0.05,
    "d|d": 0.1111111111111111,
    "n|y": 0.06666666666666667,
    "l|l": 0.044444444444444446,
    "l|y": 0.08888888888888889,
    "d|t": 0.2222222222222222,
    "m|C": 0.03333333333333333,
    "m|y": 0.06666666666666667,
    "r|o": 0.06060606060606061,
    "y|6": 0.0024390243902439024,
    "l|C": 0.022222222222222223,
    "s|l": 0.07692307692307693,
    "r|l": 0.045454545454545456,
    "d|l": 0.1111111111111111,
    "s|S": 0.07692307692307693,
    "m|p": 0.016666666666666666,
    "r|t": 0.030303030303030304,
    "n|t": 0.03333333333333333,
    "m|S": 0.03333333333333333,
    "s|t": 0.15384615384615385,
    "s|p": 0.07692307692307693,
    "m|t": 0.016666666666666666,
    "n|l": 0.05,
    "r|S": 0.030303030303030304,
    "n|k": 0.016666666666666666,
    "l|r": 0.014814814814814815,
    "y|k": 0.004878048780487805,
    "g|C": 0.25,
    "n|T": 0.016666666666666666,
    "d|s": 0.1111111111111111,
    "2|t": 1.0,
    "n|C": 0.016666666666666666,
    "g|d": 0.25,
    "s|q": 0.23076923076923078,
    "s|o": 0.15384615384615385,
    "o|S": 0.09090909090909091
  },
  "line_end_chars": {
    "y": 420,
    "r": 68,
    "l": 142,
    "m": 60,
    "n": 61,
    "a": 2,
    "o": 11,
    "d": 9,
    "s": 13,
    "g": 4,
    "3": 1,
    "2": 1
  },
  "line_start_chars": {
    "k": 6,
    "d": 110,
    "q": 200,
    "S": 22,
    "p": 71,
    "s": 148,
    "r": 3,
    "o": 65,
    "t": 49,
    "y": 66,
    "C": 23,
    "P": 1,
    "l": 25,
    "T": 2,
    "6": 1
  },
  "charset": [
    "2",
    "3",
    "6",
    "C",
    "P",
    "S",
    "T",
    "a",
    "d",
    "g",
    "k",
    "l",
    "m",
    "n",
    "o",
    "p",
    "q",
    "r",
    "s",
    "t",
    "y"
  ],
  "top_transitions": [
    {
      "from": "y",
      "to": "q",
      "count": 99,
      "probability": 0.24146341463414633
    },
    {
      "from": "y",
      "to": "s",
      "count": 70,
      "probability": 0.17073170731707318
    },
    {
      "from": "y",
      "to": "d",
      "count": 59,
      "probability": 0.14390243902439023
    },
    {
      "from": "y",
      "to": "p",
      "count": 39,
      "probability": 0.0951219512195122
    },
    {
      "from": "l",
      "to": "q",
      "count": 39,
      "probability": 0.28888888888888886
    },
    {
      "from": "y",
      "to": "y",
      "count": 39,
      "probability": 0.0951219512195122
    },
    {
      "from": "y",
      "to": "o",
      "count": 37,
      "probability": 0.09024390243902439
    },
    {
      "from": "y",
      "to": "t",
      "count": 31,
      "probability": 0.07560975609756097
    },
    {
      "from": "l",
      "to": "s",
      "count": 28,
      "probability": 0.2074074074074074
    },
    {
      "from": "l",
      "to": "d",
      "count": 24,
      "probability": 0.17777777777777778
    },
    {
      "from": "r",
      "to": "q",
      "count": 22,
      "probability": 0.3333333333333333
    },
    {
      "from": "m",
      "to": "s",
      "count": 21,
      "probability": 0.35
    },
    {
      "from": "n",
      "to": "s",
      "count": 15,
      "probability": 0.25
    },
    {
      "from": "n",
      "to": "q",
      "count": 14,
      "probability": 0.23333333333333334
    },
    {
      "from": "m",
      "to": "q",
      "count": 12,
      "probability": 0.2
    },
    {
      "from": "m",
      "to": "d",
      "count": 12,
      "probability": 0.2
    },
    {
      "from": "l",
      "to": "y",
      "count": 12,
      "probability": 0.08888888888888889
    },
    {
      "from": "y",
      "to": "C",
      "count": 11,
      "probability": 0.026829268292682926
    },
    {
      "from": "y",
      "to": "l",
      "count": 11,
      "probability": 0.026829268292682926
    },
    {
      "from": "y",
      "to": "S",
      "count": 10,
      "probability": 0.024390243902439025
    }
  ],
  "total_transitions": 772,
  "pages": [
    {
      "folio": "f75r",
      "quire": "M",
      "language": "B",
      "hand": "2",
      "illustration": "B"
    },
    {
      "folio": "f75v",
      "quire": "M",
      "language": "B",
      "hand": "2",
      "illustration": "B"
    },
    {
      "folio": "f76r",
      "quire": "M",
      "language": "B",
      "hand": "2",
      "illustration": "T"
    },
    {
      "folio": "f76v",
      "quire": "M",
      "language": "B",
      "hand": "2",
      "illustration": "B"
    },
    {
      "folio": "f77r",
      "quire": "M",
      "language": "B",
      "hand": "2",
      "illustration": "B"
    },
    {
      "folio": "f77v",
      "quire": "M",
      "language": "B",
      "hand": "2",
      "illustration": "B"
    },
    {
      "folio": "f78r",
      "quire": "M",
      "language": "B",
      "hand": "2",
      "illustration": "B"
    },
    {
      "folio": "f78v",
      "quire": "M",
      "language": "B",
      "hand": "2",
      "illustration": "B"
    },
    {
      "folio": "f79r",
      "quire": "M",
      "language": "B",
      "hand": "2",
      "illustration": "B"
    },
    {
      "folio": "f79v",
      "quire": "M",
      "language": "B",
      "hand": "2",
      "illustration": "B"
    },
    {
      "folio": "f80r",
      "quire": "M",
      "language": "B",
      "hand": "2",
      "illustration": "B"
    },
    {
      "folio": "f80v",
      "quire": "M",
      "language": "B",
      "hand": "2",