{
  "name": "quire_20",
  "description": "Quire 20",
  "page_count": 24,
  "transitions": {
    "y|d": 68,
    "y|y": 62,
    "l|y": 22,
    "y|p": 67,
    "y|o": 45,
    "m|s": 42,
    "o|o": 5,
    "m|d": 48,
    "n|d": 14,
    "l|o": 18,
    "y|q": 24,
    "y|s": 39,
    "n|p": 36,
    "s|o": 3,
    "r|y": 14,
    "r|p": 16,
    "r|d": 13,
    "l|t": 13,
    "r|q": 4,
    "n|q": 8,
    "y|S": 16,
    "g|o": 4,
    "m|C": 9,
    "n|o": 14,
    "y|C": 12,
    "n|s": 12,
    "m|o": 31,
    "l|d": 16,
    "n|y": 17,
    "r|o": 17,
    "d|s": 4,
    "y|t": 43,
    "m|t": 12,
    "n|t": 15,
    "m|y": 59,
    "n|f": 5,
    "y|k": 6,
    "d|y": 2,
    "l|s": 16,
    "d|d": 5,
    "m|S": 12,
    "d|o": 3,
    "r|t": 6,
    "l|q": 7,
    "o|y": 3,
    "l|S": 6,
    "s|p": 5,
    "o|p": 1,
    "d|q": 6,
    "m|p": 16,
    "t|k": 1,
    "y|l": 4,
    "l|l": 4,
    "s|d": 6,
    "g|y": 2,
    "r|f": 1,
    "r|l": 1,
    "m|r": 1,
    "l|p": 9,
    "m|a": 2,
    "n|k": 4,
    "r|S": 2,
    "d|l": 2,
    "r|k": 2,
    "o|s": 1,
    "m|k": 1,
    "l|k": 3,
    "y|T": 1,
    "l|T": 1,
    "s|s": 4,
    "l|f": 1,
    "r|s": 9,
    "m|q": 11,
    "m|T": 1,
    "g|S": 2,
    "1|d": 1,
    "1|s": 1,
    "n|S": 2,
    "m|l": 3,
    "g|q": 3,
    "s|q": 4,
    "o|q": 1,
    "l|C": 4,
    "g|d": 2,
    "o|t": 1,
    "p|y": 1,
    "g|s": 1,
    "y|6": 1,
    "s|y": 1,
    "y|f": 1,
    "m|f": 1,
    "o|a": 1,
    "s|t": 2,
    "d|f": 1,
    "m|7": 1,
    "o|d": 2,
    "o|C": 1,
    "n|C": 4,
    "s|f": 1,
    "d|p": 1,
    "g|C": 1,
    "d|T": 1
  },
  "probabilities": {
    "y|d": 0.17480719794344474,
    "y|y": 0.15938303341902313,
    "l|y": 0.18333333333333332,
    "y|p": 0.17223650385604114,
    "y|o": 0.11568123393316196,
    "m|s": 0.168,
    "o|o": 0.3125,
    "m|d": 0.192,
    "n|d": 0.10687022900763359,
    "l|o": 0.15,
    "y|q": 0.061696658097686374,
    "y|s": 0.10025706940874037,
    "n|p": 0.2748091603053435,
    "s|o": 0.11538461538461539,
    "r|y": 0.16470588235294117,
    "r|p": 0.18823529411764706,
    "r|d": 0.15294117647058825,
    "l|t": 0.10833333333333334,
    "r|q": 0.047058823529411764,
    "n|q": 0.061068702290076333,
    "y|S": 0.04113110539845758,
    "g|o": 0.26666666666666666,
    "m|C": 0.036,
    "n|o": 0.10687022900763359,
    "y|C": 0.030848329048843187,
    "n|s": 0.0916030534351145,
    "m|o": 0.124,
    "l|d": 0.13333333333333333,
    "n|y": 0.1297709923664122,
    "r|o": 0.2,
    "d|s": 0.16,
    "y|t": 0.11053984575835475,
    "m|t": 0.048,
    "n|t": 0.11450381679389313,
    "m|y": 0.236,
    "n|f": 0.03816793893129771,
    "y|k": 0.015424164524421594,
    "d|y": 0.08,
    "l|s": 0.13333333333333333,
    "d|d": 0.2,
    "m|S": 0.048,
    "d|o": 0.12,
    "r|t": 0.07058823529411765,
    "l|q": 0.058333333333333334,
    "o|y": 0.1875,
    "l|S": 0.05,
    "s|p": 0.19230769230769232,
    "o|p": 0.0625,
    "d|q": 0.24,
    "m|p": 0.064,
    "t|k": 1.0,
    "y|l": 0.010282776349614395,
    "l|l": 0.03333333333333333,
    "s|d": 0.23076923076923078,
    "g|y": 0.13333333333333333,
    "r|f": 0.011764705882352941,
    "r|l": 0.011764705882352941,
    "m|r": 0.004,
    "l|p": 0.075,
    "m|a": 0.008,
    "n|k": 0.030534351145038167,
    "r|S": 0.023529411764705882,
    "d|l": 0.08,
    "r|k": 0.023529411764705882,
    "o|s": 0.0625,
    "m|k": 0.004,
    "l|k": 0.025,
    "y|T": 0.002570694087403599,
    "l|T": 0.008333333333333333,
    "s|s": 0.15384615384615385,
    "l|f": 0.008333333333333333,
    "r|s": 0.10588235294117647,
    "m|q": 0.044,
    "m|T": 0.004,
    "g|S": 0.13333333333333333,
    "1|d": 0.5,
    "1|s": 0.5,
    "n|S": 0.015267175572519083,
    "m|l": 0.012,
    "g|q": 0.2,
    "s|q": 0.15384615384615385,
    "o|q": 0.0625,
    "l|C": 0.03333333333333333,
    "g|d": 0.13333333333333333,
    "o|t": 0.0625,
    "p|y": 1.0,
    "g|s": 0.06666666666666667,
    "y|6": 0.002570694087403599,
    "s|y": 0.038461538461538464,
    "y|f": 0.002570694087403599,
    "m|f": 0.004,
    "o|a": 0.0625,
    "s|t": 0.07692307692307693,
    "d|f": 0.04,
    "m|7": 0.004,
    "o|d": 0.125,
    "o|C": 0.0625,
    "n|C": 0.030534351145038167,
    "s|f": 0.038461538461538464,
    "d|p": 0.04,
    "g|C": 0.06666666666666667,
    "d|T": 0.04
  },
  "line_end_chars": {
    "y": 406,
    "l": 121,
    "m": 253,
    "o": 16,
    "n": 132,
    "s": 27,
    "r": 85,
    "g": 15,
    "d": 25,
    "t": 1,
    "1": 2,
    "p": 1
  },
  "line_start_chars": {
    "p": 161,
    "d": 175,
    "y": 183,
    "o": 140,
    "s": 129,
    "q": 68,
    "t": 95,
    "S": 40,
    "C": 31,
    "f": 15,
    "k": 22,
    "a": 4,
    "l": 14,
    "r": 1,
    "T": 4,
    "6": 1,
    "7": 1
  },
  "charset": [
    "1",
    "6",
    "7",
    "C",
    "S",
    "T",
    "a",
    "d",
    "f",
    "g",
    "k",
    "l",
    "m",
    "n",
    "o",
    "p",
    "q",
    "r",
    "s",
    "t",
    "y"
  ],
  "top_transitions": [
    {
      "from": "y",
      "to": "d",
      "count": 68,
      "probability": 0.17480719794344474
    },
    {
      "from": "y",
      "to": "p",
      "count": 67,
      "probability": 0.17223650385604114
    },
    {
      "from": "y",
      "to": "y",
      "count": 62,
      "probability": 0.15938303341902313
    },
    {
      "from": "m",
      "to": "y",
      "count": 59,
      "probability": 0.236
    },
    {
      "from": "m",
      "to": "d",
      "count": 48,
      "probability": 0.192
    },
    {
      "from": "y",
      "to": "o",
      "count": 45,
      "probability": 0.11568123393316196
    },
    {
      "from": "y",
      "to": "t",
      "count": 43,
      "probability": 0.11053984575835475
    },
    {
      "from": "m",
      "to": "s",
      "count": 42,
      "probability": 0.168
    },
    {
      "from": "y",
      "to": "s",
      "count": 39,
      "probability": 0.10025706940874037
    },
    {
      "from": "n",
      "to": "p",
      "count": 36,
      "probability": 0.2748091603053435
    },
    {
      "from": "m",
      "to": "o",
      "count": 31,
      "probability": 0.124
    },
    {
      "from": "y",
      "to": "q",
      "count": 24,
      "probability": 0.061696658097686374
    },
    {
      "from": "l",
      "to": "y",
      "count": 22,
      "probability": 0.18333333333333332
    },
    {
      "from": "l",
      "to": "o",
      "count": 18,
      "probability": 0.15
    },
    {
      "from": "n",
      "to": "y",
      "count": 17,
      "probability": 0.1297709923664122
    },
    {
      "from": "r",
      "to": "o",
      "count": 17,
      "probability": 0.2
    },
    {
      "from": "r",
      "to": "p",
      "count": 16,
      "probability": 0.18823529411764706
    },
    {
      "from": "y",
      "to": "S",
      "count": 16,
      "probability": 0.04113110539845758
    },
    {
      "from": "l",
      "to": "d",
      "count": 16,
      "probability": 0.13333333333333333
    },
    {
      "from": "l",
      "to": "s",
      "count": 16,
      "probability": 0.13333333333333333
    }
  ],
  "total_transitions": 1061,
  "pages": [
    {
      "folio": "f103r",
      "quire": "T",
      "language": "B",
      "hand": "3",
      "illustration": "S"
    },
    {
      "folio": "f103v",
      "quire": "T",
      "language": "B",
      "hand": "3",
      "illustration": "S"
    },
    {
      "folio": "f104r",
      "quire": "T",
      "language": "B",
      "hand": "3",
      "illustration": "S"
    },
    {
      "folio": "f104v",
      "quire": "T",
      "language": "B",
      "hand": "3",
      "illustration": "S"
    },
    {
      "folio": "f105r",
      "quire": "T",
      "language": "B",
      "hand": "3",
      "illustration": "S"
    },
    {
      "folio": "f105v",
      "quire": "T",
      "language": "B",
      "hand": "3",
      "illustration": "S"
    },
    {
      "folio": "f106r",
      "quire": "T",
      "language": "B",
      "hand": "3",
      "illustration": "S"
    },
    {
      "folio": "f106v",
      "quire": "T",
      "language": "B",
      "hand": "3",