{
  "name": "text_only",
  "description": "Text only pages",
  "page_count": 7,
  "transitions": {
    "y|s": 11,
    "n|s": 6,
    "n|y": 7,
    "y|o": 11,
    "y|y": 17,
    "s|d": 2,
    "y|d": 13,
    "s|o": 1,
    "n|S": 4,
    "d|d": 4,
    "l|S": 1,
    "m|y": 4,
    "o|S": 1,
    "n|P": 1,
    "r|y": 5,
    "r|C": 5,
    "l|d": 7,
    "r|6": 1,
    "s|s": 1,
    "d|y": 1,
    "y|S": 5,
    "r|q": 5,
    "n|d": 3,
    "n|t": 1,
    "l|q": 3,
    "d|S": 2,
    "y|q": 14,
    "n|p": 4,
    "m|d": 6,
    "s|p": 1,
    "r|s": 2,
    "r|t": 1,
    "y|t": 3,
    "m|t": 7,
    "r|l": 1,
    "m|s": 3,
    "o|d": 2,
    "y|C": 2,
    "l|p": 2,
    "y|p": 9,
    "l|s": 1,
    "l|o": 2,
    "m|o": 6,
    "s|t": 1,
    "m|r": 3,
    "r|d": 4,
    "n|q": 4,
    "m|p": 5,
    "g|k": 1,
    "r|p": 1,
    "y|l": 2,
    "m|q": 2,
    "m|a": 1,
    "g|s": 2,
    "n|l": 1,
    "o|p": 1,
    "m|S": 2,
    "g|l": 1,
    "r|o": 1
  },
  "probabilities": {
    "y|s": 0.12643678160919541,
    "n|s": 0.1935483870967742,
    "n|y": 0.22580645161290322,
    "y|o": 0.12643678160919541,
    "y|y": 0.19540229885057472,
    "s|d": 0.3333333333333333,
    "y|d": 0.14942528735632185,
    "s|o": 0.16666666666666666,
    "n|S": 0.12903225806451613,
    "d|d": 0.5714285714285714,
    "l|S": 0.0625,
    "m|y": 0.10256410256410256,
    "o|S": 0.25,
    "n|P": 0.03225806451612903,
    "r|y": 0.19230769230769232,
    "r|C": 0.19230769230769232,
    "l|d": 0.4375,
    "r|6": 0.038461538461538464,
    "s|s": 0.16666666666666666,
    "d|y": 0.14285714285714285,
    "y|S": 0.05747126436781609,
    "r|q": 0.19230769230769232,
    "n|d": 0.0967741935483871,
    "n|t": 0.03225806451612903,
    "l|q": 0.1875,
    "d|S": 0.2857142857142857,
    "y|q": 0.16091954022988506,
    "n|p": 0.12903225806451613,
    "m|d": 0.15384615384615385,
    "s|p": 0.16666666666666666,
    "r|s": 0.07692307692307693,
    "r|t": 0.038461538461538464,
    "y|t": 0.034482758620689655,
    "m|t": 0.1794871794871795,
    "r|l": 0.038461538461538464,
    "m|s": 0.07692307692307693,
    "o|d": 0.5,
    "y|C": 0.022988505747126436,
    "l|p": 0.125,
    "y|p": 0.10344827586206896,
    "l|s": 0.0625,
    "l|o": 0.125,
    "m|o": 0.15384615384615385,
    "s|t": 0.16666666666666666,
    "m|r": 0.07692307692307693,
    "r|d": 0.15384615384615385,
    "n|q": 0.12903225806451613,
    "m|p": 0.1282051282051282,
    "g|k": 0.25,
    "r|p": 0.038461538461538464,
    "y|l": 0.022988505747126436,
    "m|q": 0.05128205128205128,
    "m|a": 0.02564102564102564,
    "g|s": 0.5,
    "n|l": 0.03225806451612903,
    "o|p": 0.25,
    "m|S": 0.05128205128205128,
    "g|l": 0.25,
    "r|o": 0.038461538461538464
  },
  "line_end_chars": {
    "y": 90,
    "n": 32,
    "s": 6,
    "d": 7,
    "l": 16,
    "m": 40,
    "o": 4,
    "r": 27,
    "g": 4
  },
  "line_start_chars": {
    "f": 1,
    "s": 26,
    "y": 34,
    "o": 21,
    "d": 41,
    "S": 15,
    "P": 1,
    "C": 7,
    "6": 1,
    "p": 28,
    "q": 28,
    "t": 13,
    "l": 5,
    "r": 3,
    "k": 1,
    "a": 1
  },
  "charset": [
    "6",
    "C",
    "P",
    "S",
    "a",
    "d",
    "g",
    "k",
    "l",
    "m",
    "n",
    "o",
    "p",
    "q",
    "r",
    "s",
    "t",
    "y"
  ],
  "top_transitions": [
    {
      "from": "y",
      "to": "y",
      "count": 17,
      "probability": 0.19540229885057472
    },
    {
      "from": "y",
      "to": "q",
      "count": 14,
      "probability": 0.16091954022988506
    },
    {
      "from": "y",
      "to": "d",
      "count": 13,
      "probability": 0.14942528735632185
    },
    {
      "from": "y",
      "to": "s",
      "count": 11,
      "probability": 0.12643678160919541
    },
    {
      "from": "y",
      "to": "o",
      "count": 11,
      "probability": 0.12643678160919541
    },
    {
      "from": "y",
      "to": "p",
      "count": 9,
      "probability": 0.10344827586206896
    },
    {
      "from": "n",
      "to": "y",
      "count": 7,
      "probability": 0.22580645161290322
    },
    {
      "from": "l",
      "to": "d",
      "count": 7,
      "probability": 0.4375
    },
    {
      "from": "m",
      "to": "t",
      "count": 7,
      "probability": 0.1794871794871795
    },
    {
      "from": "n",
      "to": "s",
      "count": 6,
      "probability": 0.1935483870967742
    },
    {
      "from": "m",
      "to": "d",
      "count": 6,
      "probability": 0.15384615384615385
    },
    {
      "from": "m",
      "to": "o",
      "count": 6,
      "probability": 0.15384615384615385
    },
    {
      "from": "r",
      "to": "y",
      "count": 5,
      "probability": 0.19230769230769232
    },
    {
      "from": "r",
      "to": "C",
      "count": 5,
      "probability": 0.19230769230769232
    },
    {
      "from": "y",
      "to": "S",
      "count": 5,
      "probability": 0.05747126436781609
    },
    {
      "from": "r",
      "to": "q",
      "count": 5,
      "probability": 0.19230769230769232
    },
    {
      "from": "m",
      "to": "p",
      "count": 5,
      "probability": 0.1282051282051282
    },
    {
      "from": "n",
      "to": "S",
      "count": 4,
      "probability": 0.12903225806451613
    },
    {
      "from": "d",
      "to": "d",
      "count": 4,
      "probability": 0.5714285714285714
    },
    {
      "from": "m",
      "to": "y",
      "count": 4,
      "probability": 0.10256410256410256
    }
  ],
  "total_transitions": 220,
  "pages": [
    {
      "folio": "f1r",
      "quire": "A",
      "language": "A",
      "hand": "1",
      "illustration": "T"
    },
    {
      "folio": "f66r",
      "quire": "H",
      "language": "B",
      "hand": "5",
      "illustration": "T"
    },
    {
      "folio": "f76r",
      "quire": "M",
      "language": "B",
      "hand": "2",
      "illustration": "T"
    },
    {
      "folio": "f85r1",
      "quire": "N",
      "language": "B",
      "hand": "3",
      "illustration": "T"
    },
    {
      "folio": "f86v6",
      "quire": "N",
      "language": "B",
      "hand": "3",
      "illustration": "T"
    },
    {
      "folio": "f86v5",
      "quire": "N",
      "language": "B",
      "hand": "3",
      "illustration": "T"
    },
    {
      "folio": "f116v",
      "quire": "T",
      "language": "",
      "hand": "3",
      "illustration": "T"
    }
  ]
}