{
  "name": "astronomical",
  "description": "Astronomical section",
  "page_count": 8,
  "charset": [
    "C",
    "E",
    "I",
    "P",
    "S",
    "T",
    "a",
    "d",
    "g",
    "k",
    "l",
    "m",
    "n",
    "o",
    "p",
    "q",
    "r",
    "s",
    "t",
    "y"
  ],
  "max_word_position": 10,
  "total_words_from_start": {
    "0": 56,
    "1": 51,
    "2": 42,
    "3": 26,
    "4": 20,
    "5": 19,
    "6": 19,
    "7": 18,
    "8": 14,
    "9": 5,
    "10": 9
  },
  "total_words_from_end": {
    "8": 14,
    "7": 18,
    "6": 19,
    "5": 19,
    "4": 20,
    "3": 26,
    "2": 42,
    "1": 51,
    "0": 56,
    "10": 9,
    "9": 5
  },
  "start_glyph_totals": {
    "t": 6,
    "S": 22,
    "E": 4,
    "o": 62,
    "y": 31,
    "a": 30,
    "d": 31,
    "q": 20,
    "s": 22,
    "k": 5,
    "I": 1,
    "C": 37,
    "T": 2,
    "r": 3,
    "g": 1,
    "P": 1,
    "p": 1
  },
  "end_glyph_totals": {
    "n": 42,
    "y": 110,
    "o": 10,
    "r": 45,
    "l": 29,
    "s": 25,
    "m": 10,
    "E": 2,
    "g": 2,
    "a": 1,
    "d": 2,
    "t": 1
  },
  "prob_from_start": {
    "o": {
      "0": 0.17857142857142858,
      "1": 0.23529411764705882,
      "2": 0.30952380952380953,
      "3": 0.15384615384615385,
      "4": 0.25,
      "5": 0.15789473684210525,
      "6": 0.15789473684210525,
      "7": 0.2222222222222222,
      "8": 0.2857142857142857,
      "9": 0.2,
      "10": 0.3333333333333333
    },
    "E": {
      "0": 0.0,
      "1": 0.0196078431372549,
      "2": 0.023809523809523808,
      "3": 0.0,
      "4": 0.0,
      "5": 0.0,
      "6": 0.10526315789473684,
      "7": 0.0,
      "8": 0.0,
      "9": 0.0,
      "10": 0.0
    },
    "r": {
      "0": 0.0,
      "1": 0.0196078431372549,
      "2": 0.0,
      "3": 0.0,
      "4": 0.05,
      "5": 0.05263157894736842,
      "6": 0.0,
      "7": 0.0,
      "8": 0.0,
      "9": 0.0,
      "10": 0.0
    },
    "P": {
      "0": 0.0,
      "1": 0.0,
      "2": 0.0,
      "3": 0.038461538461538464,
      "4": 0.0,
      "5": 0.0,
      "6": 0.0,
      "7": 0.0,
      "8": 0.0,
      "9": 0.0,
      "10": 0.0
    },
    "k": {
      "0": 0.017857142857142856,
      "1": 0.0,
      "2": 0.023809523809523808,
      "3": 0.0,
      "4": 0.0,
      "5": 0.0,
      "6": 0.05263157894736842,
      "7": 0.05555555555555555,
      "8": 0.07142857142857142,
      "9": 0.0,
      "10": 0.0
    },
    "g": {
      "0": 0.0,
      "1": 0.0196078431372549,
      "2": 0.0,
      "3": 0.0,
      "4": 0.0,
      "5": 0.0,
      "6": 0.0,
      "7": 0.0,
      "8": 0.0,
      "9": 0.0,
      "10": 0.0
    },
    "a": {
      "0": 0.0,
      "1": 0.0784313725490196,
      "2": 0.19047619047619047,
      "3": 0.19230769230769232,
      "4": 0.1,
      "5": 0.05263157894736842,
      "6": 0.05263157894736842,
      "7": 0.16666666666666666,
      "8": 0.14285714285714285,
      "9": 0.2,
      "10": 0.3333333333333333
    },
    "y": {
      "0": 0.23214285714285715,
      "1": 0.0392156862745098,
      "2": 0.047619047619047616,
      "3": 0.11538461538461539,
      "4": 0.2,
      "5": 0.10526315789473684,
      "6": 0.05263157894736842,
      "7": 0.1111111111111111,
      "8": 0.07142857142857142,
      "9": 0.2,
      "10": 0.0
    },
    "p": {
      "0": 0.0,
      "1": 0.0,
      "2": 0.023809523809523808,
      "3": 0.0,
      "4": 0.0,
      "5": 0.0,
      "6": 0.0,
      "7": 0.0,
      "8": 0.0,
      "9": 0.0,
      "10": 0.0
    },
    "d": {
      "0": 0.17857142857142858,
      "1": 0.0784313725490196,
      "2": 0.14285714285714285,
      "3": 0.038461538461538464,
      "4": 0.0,
      "5": 0.05263157894736842,
      "6": 0.05263157894736842,
      "7": 0.16666666666666666,
      "8": 0.14285714285714285,
      "9": 0.2,
      "10": 0.2222222222222222
    },
    "q": {
      "0": 0.03571428571428571,
      "1": 0.0196078431372549,
      "2": 0.07142857142857142,
      "3": 0.19230769230769232,
      "4": 0.1,
      "5": 0.10526315789473684,
      "6": 0.15789473684210525,
      "7": 0.05555555555555555,
      "8": 0.07142857142857142,
      "9": 0.0,
      "10": 0.0
    },
    "S": {
      "0": 0.017857142857142856,
      "1": 0.13725490196078433,
      "2": 0.07142857142857142,
      "3": 0.038461538461538464,
      "4": 0.1,
      "5": 0.15789473684210525,
      "6": 0.15789473684210525,
      "7": 0.05555555555555555,
      "8": 0.0,
      "9": 0.2,
      "10": 0.0
    },
    "I": {
      "0": 0.0,
      "1": 0.0,
      "2": 0.0,
      "3": 0.038461538461538464,
      "4": 0.0,
      "5": 0.0,
      "6": 0.0,
      "7": 0.0,
      "8": 0.0,
      "9": 0.0,
      "10": 0.0
    },
    "s": {
      "0": 0.125,
      "1": 0.17647058823529413,
      "2": 0.047619047619047616,
      "3": 0.07692307692307693,
      "4": 0.0,
      "5": 0.05263157894736842,
      "6": 0.05263157894736842,
      "7": 0.0,
      "8": 0.0,
      "9": 0.0,
      "10": 0.0
    },
    "T": {
      "0": 0.0,
      "1": 0.0,
      "2": 0.0,
      "3": 0.0,
      "4": 0.0,
      "5": 0.05263157894736842,
      "6": 0.0,
      "7": 0.0,
      "8": 0.0,
      "9": 0.0,
      "10": 0.1111111111111111
    },
    "C": {
      "0": 0.10714285714285714,
      "1": 0.17647058823529413,
      "2": 0.047619047619047616,
      "3": 0.11538461538461539,
      "4": 0.2,
      "5": 0.21052631578947367,
      "6": 0.15789473684210525,
      "7": 0.16666666666666666,
      "8": 0.21428571428571427,
      "9": 0.0,
      "10": 0.0
    },
    "t": {
      "0": 0.10714285714285714,
      "1": 0.0,
      "2": 0.0,
      "3": 0.0,
      "4": 0.0,
      "5": 0.0,
      "6": 0.0,
      "7": 0.0,
      "8": 0.0,
      "9": 0.0,
      "10": 0.0
    }
  },
  "prob_from_end": {
    "o": {
      "0": 0.0,
      "1": 0.058823529411764705,
      "2": 0.023809523809523808,
      "3": 0.07692307692307693,
      "4": 0.05,
      "5": 0.0,
      "6": 0.0,
      "7": 0.0,
      "8": 0.07142857142857142,
      "9": 0.2,
      "10": 0.1111111111111111
    },
    "r": {
      "0": 0.10714285714285714,
      "1": 0.2549019607843137,
      "2": 0.23809523809523808,
      "3": 0.07692307692307693,
      "4": 0.1,
      "5": 0.15789473684210525,
      "6": 0.10526315789473684,
      "7": 0.2222222222222222,
      "8": 0.14285714285714285,
      "9": 0.0,
      "10": 0.1111111111111111
    },
    "E": {
      "0": 0.017857142857142856,
      "1": 0.0,
      "2": 0.0,
      "3": 0.0,
      "4": 0.0,
      "5": 0.05263157894736842,
      "6": 0.0,
      "7": 0.0,
      "8": 0.0,
      "9": 0.0,
      "10": 0.0
    },
    "l": {
      "0": 0.16071428571428573,
      "1": 0.058823529411764705,
      "2": 0.11904761904761904,
      "3": 0.23076923076923078,
      "4": 0.1,
      "5": 0.05263157894736842,
      "6": 0.10526315789473684,
      "7": 0.05555555555555555,
      "8": 0.0,
      "9": 0.0,
      "10": 0.0
    },
    "g": {
      "0": 0.03571428571428571,
      "1": 0.0,
      "2": 0.0,
      "3": 0.0,
      "4": 0.0,
      "5": 0.0,
      "6": 0.0,
      "7": 0.0,
      "8": 0.0,
      "9": 0.0,
      "10": 0.0
    },
    "m": {
      "0": 0.125,
      "1": 0.0196078431372549,
      "2": 0.0,
      "3": 0.038461538461538464,
      "4": 0.0,
      "5": 0.0,
      "6": 0.0,
      "7": 0.0,
      "8": 0.07142857142857142,
      "9": 0.0,
      "10": 0.0
    },
    "a": {
      "0": 0.0,
      "1": 0.0196078431372549,
      "2": 0.0,
      "3": 0.0,
      "4": 0.0,
      "5": 0.0,
      "6": 0.0,
      "7": 0.0,
      "8": 0.0,
      "9": 0.0,
      "10": 0.0
    },
    "y": {
      "0": 0.375,
      "1": 0.2549019607843137,
      "2": 0.2857142857142857,
      "3": 0.38461538461538464,
      "4": 0.6,
      "5": 0.5263157894736842,
      "6": 0.631578947368421,
      "7": 0.5555555555555556,
      "8": 0.35714285714285715,
      "9": 0.4,
      "10": 0.3333333333333333
    },
    "d": {
      "0": 0.017857142857142856,
      "1": 0.0,
      "2": 0.0,
      "3": 0.0,
      "4": 0.0,
      "5": 0.05263157894736842,
      "6": 0.0,
      "7": 0.0,